Date,Unnamed: 0,Symbol,Series,Prev Close,Open Price,High Price,Low Price,Last Price,Close Price,Average Price,Total_Traded_Quantity,Turnover,No. of Trades,Deliverable Qty,% Dly Qt to Traded Qty,year,month,Day_Perc_Change,Trend,avg,upper,lower
2017-05-15,0,INFRATEL,EQ,374.7,375.8,375.8,368.65,372.0,371.05,371.08,761032,282403754.56,27740,357531,46.98,2017,5,0.0,Slight or No change,,,
2017-05-16,1,INFRATEL,EQ,371.05,371.15,380.85,370.05,375.75,376.55,377.05,1346372,507649562.6,42924,677288,50.3,2017,5,1.4822800161703231,Positive,,,
2017-05-17,2,INFRATEL,EQ,376.55,377.6,396.5,375.1,388.95,389.9,383.22,2268036,869156755.9200001,83975,1371275,60.46,2017,5,3.545345903598452,Among top gainers,,,
2017-05-18,3,INFRATEL,EQ,389.9,388.4,388.85,377.0,378.55,378.9,382.6,2014628,770796672.8000001,50270,1025637,50.91,2017,5,-2.821236214413958,Negative,,,
2017-05-19,4,INFRATEL,EQ,378.9,381.1,387.5,374.85,379.4,378.95,379.43,2031322,770744506.46,63099,1020560,50.24,2017,5,0.01319609395620258,Slight or No change,,,
2017-05-22,5,INFRATEL,EQ,378.95,383.7,389.3,376.15,388.2,387.95,385.56,2772691,1069038741.96,73071,1228540,44.31,2017,5,2.374983507058981,Positive,,,
2017-05-23,6,INFRATEL,EQ,387.95,385.0,390.0,378.4,379.9,379.85,382.84,3811223,1459088613.32,60957,2039492,53.51,2017,5,-2.0878979249903233,Negative,,,
2017-05-24,7,INFRATEL,EQ,379.85,379.85,382.0,367.2,368.45,369.0,372.49,3134390,1167528931.1,83856,1860115,59.35,2017,5,-2.856390680531795,Negative,,,
2017-05-25,8,INFRATEL,EQ,369.0,369.1,376.35,365.85,368.7,373.5,371.8,7287977,2709669848.6,89929,6053646,83.06,2017,5,1.2195121951219523,Positive,,,
2017-05-26,9,INFRATEL,EQ,373.5,370.0,377.2,366.3,369.5,369.95,371.45,1918463,712613081.35,43541,788763,41.11,2017,5,-0.9504685408299852,Slight negative,,,
2017-05-29,10,INFRATEL,EQ,369.95,370.0,381.4,367.7,377.1,379.35,376.57,3887542,1463931690.94,54997,2827505,72.73,2017,5,2.5408839032301733,Positive,,,
2017-05-30,11,INFRATEL,EQ,379.35,379.35,379.85,365.65,373.0,372.25,371.46,1273594,473089227.24,28694,420437,33.01,2017,5,-1.8716225121919168,Negative,,,
2017-05-31,12,INFRATEL,EQ,372.25,374.25,374.35,360.65,368.2,366.6,365.34,3613527,1320165954.1799998,132010,2260332,62.55,2017,5,-1.5177971793149725,Negative,,,
2017-06-01,13,INFRATEL,EQ,366.6,370.1,379.45,369.8,377.0,376.25,375.07,2505966,939912667.62,50681,1369539,54.65,2017,6,2.6322967812329345,Positive,376.432,389.971,362.894
2017-06-02,14,INFRATEL,EQ,376.25,376.45,382.9,371.0,373.3,374.65,376.87,1334349,502876107.63,37710,496717,37.23,2017,6,-0.4252491694352267,Slight or No change,376.689,389.921,363.458
2017-06-05,15,INFRATEL,EQ,374.65,381.3,384.9,375.6,380.55,382.45,381.61,3563721,1359951570.81,74109,1871029,52.5,2017,6,2.0819431469371485,Positive,377.111,390.694,363.527
2017-06-06,16,INFRATEL,EQ,382.45,383.0,388.9,379.8,384.7,383.15,384.02,2537956,974625863.12,53194,1811141,71.36,2017,6,0.1830304614982348,Slight or No change,376.629,388.645,364.612
2017-06-07,17,INFRATEL,EQ,383.15,385.75,388.6,379.7,380.4,383.2,383.79,1610112,617944884.48,45025,812548,50.47,2017,6,0.013049719431035278,Slight or No change,376.936,389.414,364.458
2017-06-08,18,INFRATEL,EQ,383.2,383.0,383.1,374.8,379.5,379.85,378.44,1107704,419199501.76,20214,342689,30.94,2017,6,-0.8742171189978998,Slight negative,377.0,389.532,364.468
2017-06-09,19,INFRATEL,EQ,379.85,379.85,384.75,377.1,383.0,382.65,381.29,1545424,589254716.96,34955,494657,32.01,2017,6,0.7371330788469077,Slight Positive,376.621,387.995,365.248
2017-06-12,20,INFRATEL,EQ,382.65,380.55,386.0,376.8,384.75,384.75,382.05,1660758,634492593.9,47895,728996,43.9,2017,6,0.5488043904351203,Slight Positive,376.971,389.052,364.89
2017-06-13,21,INFRATEL,EQ,384.75,385.0,389.85,379.55,381.55,384.2,384.56,1863956,716802919.36,38488,580484,31.14,2017,6,-0.14294996751137434,Slight or No change,378.057,389.779,366.335
2017-06-14,22,INFRATEL,EQ,384.2,382.7,387.4,381.45,386.9,386.1,384.75,1317476,506898891.0,39782,825288,62.64,2017,6,0.4945340968245837,Slight or No change,378.957,391.099,366.815
2017-06-15,23,INFRATEL,EQ,386.1,385.3,389.1,370.65,378.25,374.8,378.94,2369536,897911971.84,33682,1201629,50.71,2017,6,-2.9267029267029288,Negative,379.304,390.585,368.023
2017-06-16,24,INFRATEL,EQ,374.8,374.8,384.65,373.25,375.0,375.1,379.31,2699975,1024127517.25,53617,1350780,50.03,2017,6,0.08004268943437864,Slight or No change,379.0,390.502,367.498
2017-06-19,25,INFRATEL,EQ,375.1,376.0,383.9,373.5,375.05,376.55,380.64,2163886,823661567.04,50329,1353450,62.55,2017,6,0.3865635830445191,Slight or No change,379.307,390.249,368.365
2017-06-20,26,INFRATEL,EQ,376.55,377.15,381.5,375.7,377.75,377.1,378.48,1331396,503906758.08,27127,283356,21.28,2017,6,0.1460629398486235,Slight or No change,380.057,388.371,371.744
2017-06-21,27,INFRATEL,EQ,377.1,377.5,378.1,370.5,371.05,371.7,374.03,2388975,893548319.2499998,67053,1379532,57.75,2017,6,-1.4319809069212486,Negative,379.732,388.989,370.475
2017-06-22,28,INFRATEL,EQ,371.7,372.2,376.5,371.0,374.9,375.0,374.83,1120673,420061860.59,40145,595546,53.14,2017,6,0.8878127522195411,Slight Positive,379.757,388.957,370.558
2017-06-23,29,INFRATEL,EQ,375.0,377.35,378.55,371.05,372.5,372.15,375.39,2156583,809559692.37,61112,981685,45.52,2017,6,-0.7600000000000051,Slight negative,379.021,388.915,369.128
2017-06-27,30,INFRATEL,EQ,372.15,373.7,375.9,368.8,372.65,373.3,373.23,1850097,690511703.3100001,64523,1074997,58.1,2017,6,0.3090151820502651,Slight or No change,378.318,388.346,368.289
2017-06-28,31,INFRATEL,EQ,373.3,372.6,379.95,371.1,379.3,376.45,373.66,1768602,660855823.32,33839,1296489,73.31,2017,6,0.8438253415483432,Slight Positive,377.836,387.495,368.176
2017-06-29,32,INFRATEL,EQ,376.45,379.9,382.5,374.25,375.45,378.2,378.89,5450689,2065211555.21,101550,3142730,57.66,2017,6,0.464869172532878,Slight or No change,377.718,387.312,368.124
2017-06-30,33,INFRATEL,EQ,378.2,375.0,377.05,371.25,374.0,374.55,373.63,980667,366406611.21,19464,552996,56.39,2017,6,-0.9650978318350044,Slight negative,377.139,386.424,367.855
2017-07-03,34,INFRATEL,EQ,374.55,374.5,399.9,374.45,398.0,397.75,391.57,4181712,1637432967.84,65358,2066573,49.42,2017,7,6.1940995861700765,Among top gainers,378.068,392.045,364.09
2017-07-04,35,INFRATEL,EQ,397.75,399.8,405.9,396.6,402.0,401.55,402.02,2412278,969784001.56,42566,766981,31.79,2017,7,0.955373978629792,Slight Positive,379.307,397.931,360.683
2017-07-05,36,INFRATEL,EQ,401.55,397.75,405.75,397.75,403.5,403.05,402.57,1039605,418513784.85,22627,442453,42.56,2017,7,0.37355248412402897,Slight or No change,380.518,402.874,358.162
2017-07-06,37,INFRATEL,EQ,403.05,403.55,416.2,398.6,415.0,414.7,409.04,2220499,908272910.96,52165,956315,43.07,2017,7,2.8904602406649267,Positive,383.368,411.903,354.833
2017-07-07,38,INFRATEL,EQ,414.7,413.0,414.65,402.15,407.05,404.35,406.07,2673281,1085539215.67,47500,1433912,53.64,2017,7,-2.495780081986976,Negative,385.457,415.621,355.293
2017-07-10,39,INFRATEL,EQ,404.35,415.0,415.0,404.0,408.0,410.3,407.62,1255267,511671934.54,8681,1012975,80.7,2017,7,1.471497465067384,Positive,387.868,420.277,355.459
2017-07-11,40,INFRATEL,EQ,410.3,410.3,414.55,405.25,409.75,409.85,410.45,2575028,1056920242.6,77052,2036985,79.11,2017,7,-0.10967584694125954,Slight or No change,390.207,423.968,356.447
2017-07-12,41,INFRATEL,EQ,409.85,410.0,422.35,405.6,420.95,420.3,414.38,4389373,1818868383.74,65811,2715936,61.88,2017,7,2.5497133097474705,Positive,393.679,429.191,358.167
2017-07-13,42,INFRATEL,EQ,420.3,420.95,421.9,407.25,411.5,410.6,410.93,3111485,1278602531.05,60451,1962249,63.06,2017,7,-2.3078753271472685,Negative,396.221,431.064,361.379
2017-07-14,43,INFRATEL,EQ,410.6,413.7,418.45,408.65,418.0,417.8,415.26,1575033,654048203.58,35844,898920,57.07,2017,7,1.7535314174379035,Positive,399.482,433.145,365.819
2017-07-17,44,INFRATEL,EQ,417.8,417.8,420.3,415.7,418.05,418.65,418.14,1083121,452896214.94,20397,835248,77.11,2017,7,0.20344662517950415,Slight or No change,402.721,434.187,371.255
2017-07-18,45,INFRATEL,EQ,418.65,414.15,424.75,414.15,419.95,418.2,419.86,2192538,920559004.68,37056,1593504,72.68,2017,7,-0.1074883554281647,Slight or No change,405.704,434.219,377.188
2017-07-19,46,INFRATEL,EQ,418.2,417.9,422.9,412.0,412.95,415.15,416.13,1493859,621639545.67,32339,962825,64.45,2017,7,-0.7293161166905815,Slight negative,408.343,432.381,384.304
2017-07-20,47,INFRATEL,EQ,415.15,412.2,414.95,404.55,406.5,406.1,407.86,1825907,744714429.02,28971,1261352,69.08,2017,7,-2.1799349632662834,Negative,410.596,424.954,396.238
2017-07-21,48,INFRATEL,EQ,406.1,406.9,411.75,401.25,410.2,410.3,406.13,1371671,557076743.23,24812,488069,35.58,2017,7,1.0342280226545153,Positive,411.493,423.819,399.166
2017-07-24,49,INFRATEL,EQ,410.3,413.3,415.45,403.35,406.4,408.9,410.32,2056890,843983104.8,36930,966819,47.0,2017,7,-0.3412137460394926,Slight or No change,412.018,423.081,400.954
2017-07-25,50,INFRATEL,EQ,408.9,414.9,425.0,413.45,415.2,415.65,418.9,2965248,1242142387.2,61583,692348,23.35,2017,7,1.650770359501097,Positive,412.918,422.829,403.007
2017-07-26,51,INFRATEL,EQ,415.65,412.65,414.9,407.55,413.55,413.5,411.36,1488819,612440583.84,30140,973385,65.38,2017,7,-0.5172621195717486,Slight negative,412.832,422.697,402.967
2017-07-27,52,INFRATEL,EQ,413.5,417.0,417.0,409.0,411.05,411.05,411.87,2796607,1151838525.09,40461,1809638,64.71,2017,7,-0.5925030229745998,Slight negative,413.311,421.981,404.64
2017-07-28,53,INFRATEL,EQ,411.05,413.9,413.9,398.65,399.65,403.9,405.68,2250006,912782434.08,34033,1367697,60.79,2017,7,-1.7394477557474808,Negative,412.854,422.79,402.917
2017-07-31,54,INFRATEL,EQ,403.9,398.65,406.0,395.25,400.05,401.4,401.54,3107036,1247599235.44,45140,1769982,56.97,2017,7,-0.6189650903689059,Slight negative,412.25,423.858,400.642
2017-08-01,55,INFRATEL,EQ,401.4,401.4,407.05,398.75,400.55,403.7,402.8,1633983,658168352.4,21937,1026341,62.81,2017,8,0.5729945191828678,Slight Positive,411.064,422.521,399.608
2017-08-02,56,INFRATEL,EQ,403.7,402.0,407.0,395.3,396.45,397.85,402.06,2252956,905823489.36,30241,1317326,58.47,2017,8,-1.4490958632647932,Negative,410.154,423.62,396.687
2017-08-03,57,INFRATEL,EQ,397.85,399.0,407.5,396.0,399.9,403.95,402.67,3426255,1379650100.85,35139,1657571,48.38,2017,8,1.533241171295696,Positive,409.164,422.24,396.088
2017-08-04,58,INFRATEL,EQ,403.95,400.0,408.9,399.0,405.6,406.55,404.66,2078958,841271144.2800001,23090,1381155,66.43,2017,8,0.6436440153484435,Slight Positive,408.3,420.224,396.376
2017-08-07,59,INFRATEL,EQ,406.55,406.5,408.5,395.6,399.0,397.85,403.58,2453089,990017658.62,30730,1453533,59.25,2017,8,-2.139958184725121,Negative,406.846,418.531,395.162
2017-08-08,60,INFRATEL,EQ,397.85,389.0,389.8,380.0,382.3,383.6,384.71,12856633,4946075281.429999,65778,3677096,28.6,2017,8,-3.581751916551468,Among top losers,404.593,420.708,388.478
2017-08-09,61,INFRATEL,EQ,383.6,379.0,385.4,379.0,381.7,381.7,382.33,2750683,1051668631.39,33160,2103073,76.46,2017,8,-0.495307612095941,Slight or No change,402.85,423.029,382.671
2017-08-10,62,INFRATEL,EQ,381.7,380.3,387.9,378.95,383.0,382.45,383.08,3050083,1168425795.64,47245,2141348,70.21,2017,8,0.1964893895729736,Slight or No change,400.861,423.246,378.475
2017-08-11,63,INFRATEL,EQ,382.45,376.1,383.75,376.1,382.5,382.3,380.5,2645105,1006462452.5,134964,2072955,78.37,2017,8,-0.03922081317818682,Slight or No change,398.961,422.87,375.051
2017-08-14,64,INFRATEL,EQ,382.3,385.9,385.9,378.5,380.75,379.85,381.37,2677716,1021200550.92,71688,1966019,73.42,2017,8,-0.6408579649489932,Slight negative,396.404,420.282,372.525
2017-08-16,65,INFRATEL,EQ,379.85,382.5,383.8,377.9,382.6,382.9,381.97,1986044,758609226.6800001,57588,1450546,73.04,2017,8,0.8029485323153729,Slight Positive,394.218,416.928,371.507
2017-08-17,66,INFRATEL,EQ,382.9,388.0,388.75,378.55,379.4,379.35,383.04,1591863,609747203.52,53152,756872,47.55,2017,8,-0.9271350221989992,Slight negative,391.954,413.737,370.17
2017-08-18,67,INFRATEL,EQ,379.35,381.0,396.75,379.95,395.0,395.3,391.18,4427161,1731816839.98,190992,2653103,59.93,2017,8,4.204560432318427,Among top gainers,391.339,412.134,370.544
2017-08-21,68,INFRATEL,EQ,395.3,395.7,396.55,382.65,386.4,386.6,390.18,1956668,763452720.24,64563,1062851,54.32,2017,8,-2.2008601062484145,Negative,390.282,410.366,370.198
2017-08-22,69,INFRATEL,EQ,386.6,386.9,396.0,385.65,387.05,387.85,390.46,2609604,1018945977.84,83656,1693296,64.89,2017,8,0.3233316088980809,Slight or No change,389.15,407.705,370.595
2017-08-23,70,INFRATEL,EQ,387.85,389.9,389.9,380.75,382.85,382.8,383.12,1201788,460429018.56,23589,567601,47.23,2017,8,-1.3020497615057414,Negative,388.075,406.197,369.953
2017-08-24,71,INFRATEL,EQ,382.8,382.9,387.8,380.3,386.5,383.9,383.81,1863817,715351602.77,43070,970978,52.1,2017,8,0.2873563218390718,Slight or No change,386.643,402.372,370.914
2017-08-28,72,INFRATEL,EQ,383.9,387.55,388.8,382.75,387.75,386.7,386.75,1402650,542474887.5,47641,845727,60.29,2017,8,0.7293566032821053,Slight Positive,385.225,396.033,374.417
2017-08-29,73,INFRATEL,EQ,386.7,387.6,387.6,377.0,380.45,380.3,381.43,1102703,420604005.29,21654,766271,69.49,2017,8,-1.6550297388156163,Negative,383.971,392.245,375.697
2017-08-30,74,INFRATEL,EQ,380.3,383.95,385.85,379.6,385.4,384.75,383.56,838089,321457416.84,23232,528442,63.05,2017,8,1.170128845648177,Positive,384.054,392.334,375.773
2017-08-31,75,INFRATEL,EQ,384.75,386.8,387.55,367.05,376.25,375.2,375.51,7483962,2810302570.62,57475,6220154,83.11,2017,8,-2.482131254061082,Negative,383.589,393.079,374.099
2017-09-01,76,INFRATEL,EQ,375.2,376.3,381.85,375.3,380.6,379.7,379.57,1242702,471692398.14,47695,837952,67.43,2017,9,1.199360341151379,Positive,383.393,393.096,373.69
2017-09-04,77,INFRATEL,EQ,379.7,380.0,380.6,375.45,376.55,377.75,377.85,751845,284084633.25,18414,406619,54.08,2017,9,-0.5135633394785288,Slight negative,383.068,393.223,372.913
2017-09-05,78,INFRATEL,EQ,377.75,378.55,379.25,368.2,372.15,371.85,371.63,1819271,676095681.73,35361,904866,49.74,2017,9,-1.5618795499669047,Negative,382.496,394.212,370.781
2017-09-06,79,INFRATEL,EQ,371.85,372.25,373.5,367.5,370.85,371.45,370.94,1404720,521066836.8,49410,915742,65.19,2017,9,-0.10757025682399668,Slight or No change,381.679,394.788,368.569
2017-09-07,80,INFRATEL,EQ,371.45,371.45,373.9,368.4,370.0,370.15,370.65,1122445,416034239.25,51535,789662,70.35,2017,9,-0.3499798088571815,Slight or No change,381.021,395.486,366.557
2017-09-08,81,INFRATEL,EQ,370.15,374.4,374.65,368.65,370.7,370.65,370.64,2528475,937153974.0,78578,1487128,58.82,2017,9,0.1350803728218386,Slight or No change,379.261,392.154,366.367
2017-09-11,82,INFRATEL,EQ,370.65,371.5,372.15,366.5,370.0,369.5,369.18,731573,270082120.14,18967,375212,51.29,2017,9,-0.3102657493592287,Slight or No change,378.039,391.175,364.903
2017-09-12,83,INFRATEL,EQ,369.5,369.5,370.8,363.65,370.05,370.1,368.58,2831964,1043805291.12,89907,2070149,73.1,2017,9,0.16238159675237007,Slight or No change,376.771,389.238,364.305
2017-09-13,84,INFRATEL,EQ,370.1,371.6,374.35,366.4,370.0,370.65,370.73,4210770,1561058762.1,43492,3038987,72.17,2017,9,0.14860848419344652,Slight or No change,375.904,388.253,363.554
2017-09-14,85,INFRATEL,EQ,370.65,370.9,373.95,368.5,370.3,370.05,369.9,1571003,581114009.6999999,34142,1204050,76.64,2017,9,-0.16187778227437774,Slight or No change,374.914,386.711,363.117
2017-09-15,86,INFRATEL,EQ,370.05,374.65,382.9,369.65,377.05,374.0,376.38,11439738,4305688588.44,195549,8587051,75.06,2017,9,1.0674233211728223,Positive,374.007,383.658,364.356
2017-09-18,87,INFRATEL,EQ,374.0,374.5,392.0,374.5,391.0,389.1,385.77,2752803,1061948813.31,73080,1230718,44.71,2017,9,4.037433155080228,Among top gainers,374.636,386.856,362.415
2017-09-19,88,INFRATEL,EQ,389.1,390.75,399.9,388.15,397.1,398.3,394.78,1956748,772484975.4399999,29602,1017774,52.01,2017,9,2.364430737599577,Positive,375.604,392.519,358.688
2017-09-20,89,INFRATEL,EQ,398.3,396.7,400.95,393.05,395.35,393.95,396.01,1469249,581837296.49,30417,833818,56.75,2017,9,-1.0921416018076835,Negative,376.943,396.486,357.4
2017-09-21,90,INFRATEL,EQ,393.95,395.9,399.55,386.6,387.4,387.65,391.05,2118175,828312333.75,62531,1477596,69.76,2017,9,-1.5991877141769306,Negative,377.511,397.845,357.177
2017-09-22,91,INFRATEL,EQ,387.65,386.0,394.55,385.2,390.2,390.0,390.14,1615279,630184949.06,47609,858240,53.13,2017,9,0.6062169482780932,Slight Positive,378.386,399.79,356.981
2017-09-25,92,INFRATEL,EQ,390.0,388.75,397.4,387.3,389.55,391.35,391.79,2575008,1008862384.32,90266,1640909,63.72,2017,9,0.3461538461538627,Slight or No change,379.779,401.878,357.68
2017-09-26,93,INFRATEL,EQ,391.35,394.0,394.0,373.85,376.4,376.4,387.86,1827778,708921975.08,73385,1000488,54.74,2017,9,-3.820109876070021,Among top losers,380.132,401.812,358.453
2017-09-27,94,INFRATEL,EQ,376.4,379.8,386.4,376.25,383.55,382.65,381.31,2082260,793986560.6,47303,1213460,58.28,2017,9,1.6604675876726869,Positive,381.025,401.95,360.1
2017-09-28,95,INFRATEL,EQ,382.65,380.0,395.7,375.0,391.6,392.6,387.31,2458127,952057168.37,62477,1374513,55.92,2017,9,2.600287468966433,Positive,382.593,403.458,361.727
2017-09-29,96,INFRATEL,EQ,392.6,393.6,411.7,393.05,397.65,398.4,401.57,5139940,2064045705.8,117621,3013026,58.62,2017,9,1.4773306164034494,Positive,384.657,405.661,363.654
2017-10-03,97,INFRATEL,EQ,398.4,404.9,410.2,399.0,406.95,408.5,408.0,4036851,1647035208.0,77219,2669169,66.12,2017,10,2.535140562248994,Positive,387.4,410.17,364.63
2017-10-04,98,INFRATEL,EQ,408.5,408.5,419.65,408.0,416.0,416.5,414.38,3456681,1432379472.78,48328,2441485,70.63,2017,10,1.9583843329253448,Positive,390.675,416.101,365.249
2017-10-05,99,INFRATEL,EQ,416.5,412.1,413.0,402.65,404.55,404.65,406.0,1920244,779619064.0,46332,859337,44.75,2017,10,-2.8451380552220966,Negative,393.146,416.585,369.708
2017-10-06,100,INFRATEL,EQ,404.65,407.8,409.9,399.0,399.4,399.95,401.56,2028197,814442787.32,48392,1405927,69.32,2017,10,-1.1614975905103186,Negative,395.0,415.881,374.119
2017-10-09,101,INFRATEL,EQ,399.95,402.8,405.95,397.55,398.0,398.5,400.86,1385786,555506175.96,27378,770717,55.62,2017,10,-0.3625453181647642,Slight or No change,395.671,416.339,375.004
2017-10-10,102,INFRATEL,EQ,398.5,398.5,404.55,398.5,400.5,399.85,401.77,2029807,815515558.39,56035,1374426,67.71,2017,10,0.338770388958598,Slight or No change,395.782,416.527,375.038
2017-10-11,103,INFRATEL,EQ,399.85,403.0,414.0,401.9,410.7,410.5,409.87,5104904,2092347002.48,79133,3467958,67.93,2017,10,2.663498812054521,Positive,396.964,419.099,374.83
2017-10-12,104,INFRATEL,EQ,410.5,412.8,438.0,402.7,432.3,432.0,430.2,10400395,4474249929.0,159805,5137278,49.4,2017,10,5.237515225334954,Among top gainers,400.132,428.376,371.889
2017-10-13,105,INFRATEL,EQ,432.0,434.95,455.0,432.8,450.0,449.95,447.33,16946705,7580769547.65,137518,12184270,71.9,2017,10,4.155092592592591,Among top gainers,404.414,442.503,366.325
2017-10-16,106,INFRATEL,EQ,449.95,455.95,474.25,450.6,467.5,471.5,461.23,9404756,4337755609.88,175100,6285964,66.84,2017,10,4.789421046782971,Among top gainers,410.139,461.538,358.741
2017-10-17,107,INFRATEL,EQ,471.5,468.0,482.8,467.0,479.45,479.2,476.0,9080336,4322239936.0,171278,5913705,65.13,2017,10,1.6330858960763583,Positive,417.482,476.869,358.095
2017-10-18,108,INFRATEL,EQ,479.2,476.7,482.0,460.05,461.65,461.75,465.83,3847393,1792231081.19,104759,2279686,59.25,2017,10,-3.6414858096827984,Among top losers,423.132,483.29,362.974
2017-10-19,109,INFRATEL,EQ,461.75,462.0,464.4,458.35,460.0,460.25,461.22,234833,108309676.26,3050,47529,20.24,2017,10,-0.3248511099079643,Slight or No change,427.964,488.425,367.504
2017-10-23,110,INFRATEL,EQ,460.25,460.0,468.85,445.25,449.2,449.0,450.1,3468772,1561294277.2,115049,2140997,61.72,2017,10,-2.4443237370994075,Negative,431.579,490.455,372.702
2017-10-24,111,INFRATEL,EQ,449.0,448.05,459.85,437.85,454.2,453.3,450.2,3495103,1573495370.6,87937,1757213,50.28,2017,10,0.9576837416481075,Slight Positive,434.779,493.119,376.438
2017-10-25,112,INFRATEL,EQ,453.3,458.9,464.35,450.8,451.1,452.15,457.56,2720627,1244850090.12,54074,1683203,61.87,2017,10,-0.25369512464152866,Slight or No change,437.325,495.34,379.31
2017-10-26,113,INFRATEL,EQ,452.15,451.5,465.0,436.45,458.9,455.4,447.5,2343242,1048600795.0,51028,1221292,52.12,2017,10,0.7187880128276092,Slight Positive,440.95,496.458,385.442
2017-10-27,114,INFRATEL,EQ,455.4,453.0,454.0,415.0,419.0,418.55,426.85,4527007,1932352937.95,64660,1601900,35.39,2017,10,-8.091787439613519,Bear drop,442.279,494.343,390.215
2017-10-30,115,INFRATEL,EQ,418.55,423.7,435.0,421.7,427.7,429.7,428.05,4402673,1884564177.65,52505,2333582,53.0,2017,10,2.6639589057460222,Positive,444.507,490.856,398.158
2017-10-31,116,INFRATEL,EQ,429.7,428.5,448.35,419.2,441.95,442.15,434.22,5952903,2584869540.6600003,68131,2451379,41.18,2017,10,2.8973702583197536,Positive,447.529,486.22,408.838
2017-11-01,117,INFRATEL,EQ,442.15,446.0,452.0,422.4,425.3,426.55,435.01,3573242,1554396002.42,45367,1210580,33.88,2017,11,-3.5282144068754846,Among top losers,448.675,483.386,413.964
2017-11-02,118,INFRATEL,EQ,426.55,428.0,428.7,415.6,417.7,418.65,421.85,2632114,1110357290.9,65274,1246305,47.35,2017,11,-1.8520689250967168,Negative,447.721,485.041,410.401
2017-11-03,119,INFRATEL,EQ,418.65,419.0,421.3,412.05,413.5,413.75,416.69,1624837,677053329.53,38468,693847,42.7,2017,11,-1.1704287591066451,Negative,445.136,486.579,403.692
2017-11-06,120,INFRATEL,EQ,413.75,417.15,429.0,413.0,423.95,424.05,424.18,3603506,1528535175.08,87162,1876653,52.08,2017,11,2.489425981873117,Positive,441.746,481.634,401.859
2017-11-07,121,INFRATEL,EQ,424.05,427.05,432.95,420.5,429.15,427.05,426.41,3101792,1322635126.72,90330,1679073,54.13,2017,11,0.7074637424832053,Slight Positive,438.021,472.169,403.874
2017-11-08,122,INFRATEL,EQ,427.05,432.0,439.6,430.1,435.5,435.15,435.33,4412381,1920841820.73,91680,2733119,61.94,2017,11,1.8967334035827177,Positive,436.121,467.423,404.82
2017-11-09,123,INFRATEL,EQ,435.15,438.45,443.45,424.45,428.0,429.2,438.37,4969389,2178431055.93,71767,3556635,71.57,2017,11,-1.3673445938182205,Negative,433.904,462.085,405.722
2017-11-10,124,INFRATEL,EQ,429.2,423.85,432.6,421.7,426.8,426.75,426.98,3348288,1429652010.24,84433,2203207,65.8,2017,11,-0.5708294501397869,Slight negative,432.314,459.314,405.315
2017-11-13,125,INFRATEL,EQ,426.75,429.4,429.4,405.25,413.0,415.5,420.14,3422752,1438035025.28,85426,2102888,61.44,2017,11,-2.6362038664323406,Negative,429.614,455.091,404.138
2017-11-14,126,INFRATEL,EQ,415.5,406.0,406.4,391.5,394.75,396.95,400.44,131335426,52591957987.44,127738,87880418,66.91,2017,11,-4.464500601684717,Among top losers,425.671,453.132,398.21
2017-11-15,127,INFRATEL,EQ,396.95,396.0,399.4,375.15,380.4,377.65,388.58,3278094,1273801766.52,56268,1503317,45.86,2017,11,-4.862073308980985,Among top losers,420.118,452.658,387.578
2017-11-16,128,INFRATEL,EQ,377.65,381.1,392.5,380.35,385.85,384.65,387.25,5469875,2118209093.75,90051,2751195,50.3,2017,11,1.853568118628357,Positive,417.696,455.378,380.015
2017-11-17,129,INFRATEL,EQ,384.65,387.45,388.8,376.55,380.55,380.15,381.59,3328012,1269936099.08,87704,1884632,56.63,2017,11,-1.1698947094761492,Negative,414.157,456.055,372.26
2017-11-20,130,INFRATEL,EQ,380.15,385.4,392.9,381.7,383.55,383.7,386.29,6432184,2484688357.36,119105,4171891,64.86,2017,11,0.9338419045113788,Slight Positive,409.982,451.511,368.454
2017-11-21,131,INFRATEL,EQ,383.7,386.4,386.95,381.0,382.65,383.55,383.37,3626367,1390240316.79,92107,2528858,69.74,2017,11,-0.039093041438620364,Slight or No change,406.911,449.508,364.314
2017-11-22,132,INFRATEL,EQ,383.55,385.8,385.8,373.6,378.0,376.45,377.19,5752823,2169907307.37,140607,3942396,68.53,2017,11,-1.8511276235171457,Negative,403.896,448.824,358.969
2017-11-23,133,INFRATEL,EQ,376.45,381.15,386.4,373.1,375.4,374.6,380.23,4561646,1734474658.5800002,90510,2285646,50.11,2017,11,-0.4914331252490301,Slight or No change,401.1,448.206,353.994
2017-11-24,134,INFRATEL,EQ,374.6,378.0,382.0,376.4,381.0,380.8,379.62,2487171,944179855.02,87082,1198406,48.18,2017,11,1.6550987720234778,Positive,398.011,444.299,351.723
2017-11-27,135,INFRATEL,EQ,380.8,381.25,387.7,378.4,385.95,386.6,384.67,2416421,929524666.07,84775,1206564,49.93,2017,11,1.5231092436974736,Positive,395.121,438.564,351.679
2017-11-28,136,INFRATEL,EQ,386.6,383.15,387.35,376.05,376.8,377.85,382.1,4127842,1577248428.2,96678,2379204,57.64,2017,11,-2.2633212622865995,Negative,391.029,428.63,353.427
2017-11-29,137,INFRATEL,EQ,377.85,376.8,384.9,376.45,383.65,384.15,381.52,6010951,2293298025.52,96424,4356517,72.48,2017,11,1.6673283048828758,Positive,387.811,418.396,357.225
2017-11-30,138,INFRATEL,EQ,384.15,385.0,387.9,380.6,384.5,383.7,384.12,12955743,4976560001.16,99424,10603295,81.84,2017,11,-0.11714174150722068,Slight or No change,384.736,405.554,363.918
2017-12-01,139,INFRATEL,EQ,383.7,387.0,388.4,382.85,385.0,385.95,385.62,3519059,1357019531.58,59594,2098700,59.64,2017,12,0.5863956215793609,Slight Positive,382.625,393.736,371.514
2017-12-04,140,INFRATEL,EQ,385.95,386.0,388.45,375.1,375.9,376.5,379.59,1423770,540448854.3,30206,638964,44.88,2017,12,-2.4485036921881087,Negative,381.164,389.08,373.249
2017-12-05,141,INFRATEL,EQ,376.5,374.15,380.45,371.25,378.0,378.55,375.91,2141034,804836090.94,57335,910914,42.55,2017,12,0.5444887118194021,Slight Positive,381.229,389.035,373.422
2017-12-06,142,INFRATEL,EQ,378.55,378.25,378.25,366.5,367.15,370.35,373.0,2172920,810499160.0,91703,1442965,66.41,2017,12,-2.166160348698976,Negative,380.207,389.655,370.759
2017-12-07,143,INFRATEL,EQ,370.35,367.6,384.9,367.15,382.1,382.35,375.32,1768073,663593158.36,60527,917221,51.88,2017,12,3.2401782098015364,Among top gainers,380.364,389.881,370.848
2017-12-08,144,INFRATEL,EQ,382.35,380.05,381.55,372.35,373.65,373.7,374.91,3146713,1179734170.8300002,63589,1878017,59.68,2017,12,-2.2623250948084257,Negative,379.65,389.58,369.72
2017-12-11,145,INFRATEL,EQ,373.7,377.0,377.9,367.2,368.1,368.05,370.36,3031658,1122804856.88,66747,1786271,58.92,2017,12,-1.5119079475515051,Negative,378.543,389.947,367.139
2017-12-12,146,INFRATEL,EQ,368.05,369.0,369.0,354.25,355.95,355.4,358.44,3321358,1190507561.52,80441,1942695,58.49,2017,12,-3.4370330118190573,Among top losers,377.039,393.885,360.194
2017-12-13,147,INFRATEL,EQ,355.4,357.5,362.9,355.15,357.6,357.7,359.57,2362236,849389198.52,61461,1142263,48.36,2017,12,0.6471581316826125,Slight Positive,375.832,395.599,356.065
2017-12-14,148,INFRATEL,EQ,357.7,358.2,362.9,355.1,358.4,356.65,358.4,2052442,735595212.8,42154,1000108,48.73,2017,12,-0.2935420743639949,Slight or No change,374.107,396.097,352.118
2017-12-15,149,INFRATEL,EQ,356.65,358.05,361.45,353.3,354.25,354.5,355.56,2416817,859323452.52,86797,1410703,58.37,2017,12,-0.6028319080330746,Slight negative,371.814,394.861,348.767
2017-12-18,150,INFRATEL,EQ,354.5,353.75,361.9,347.1,358.3,357.75,356.41,2963083,1056072412.03,60644,1561115,52.69,2017,12,0.9167842031029716,Slight Positive,370.379,394.294,346.463
2017-12-19,151,INFRATEL,EQ,357.75,357.5,363.9,357.5,361.8,362.5,361.44,1737412,627970193.28,48903,972052,55.95,2017,12,1.3277428371768039,Positive,368.832,391.688,345.977
2017-12-20,152,INFRATEL,EQ,362.5,362.5,366.7,362.5,363.05,364.25,364.6,2111646,769906131.6,60137,1344241,63.66,2017,12,0.4827586206896495,Slight or No change,367.443,388.715,346.171
2017-12-21,153,INFRATEL,EQ,364.25,364.95,365.85,360.25,361.0,361.6,362.93,1507477,547108627.61,77871,971759,64.46,2017,12,-0.7275223061084413,Slight negative,365.704,384.267,347.14
2017-12-22,154,INFRATEL,EQ,361.6,361.25,365.35,358.75,364.0,363.95,362.12,2856053,1034233912.36,93015,2008069,70.31,2017,12,0.6498893805309658,Slight Positive,364.807,382.306,347.308
2017-12-26,155,INFRATEL,EQ,363.95,363.0,370.5,362.65,368.5,369.6,367.59,1649408,606305886.7199999,22806,888999,53.9,2017,12,1.552411045473279,Positive,364.168,380.087,348.249
2017-12-27,156,INFRATEL,EQ,369.6,369.5,371.0,365.25,366.0,367.5,368.87,1199421,442430424.27,34655,549539,45.82,2017,12,-0.5681818181818232,Slight negative,363.964,379.613,348.316
2017-12-28,157,INFRATEL,EQ,367.5,367.5,371.8,364.5,367.0,368.15,369.06,4295438,1585274348.28,60611,3403264,79.23,2017,12,0.17687074829930705,Slight or No change,362.95,374.859,351.041
2017-12-29,158,INFRATEL,EQ,368.15,369.7,380.55,367.1,379.15,378.75,376.42,4216334,1587112444.28,55134,2379062,56.42,2017,12,2.879261170718461,Positive,363.311,376.821,349.801
2018-01-01,159,INFRATEL,EQ,378.75,379.9,379.9,368.35,369.95,369.95,371.52,1788442,664441971.8399999,19164,650150,36.35,2018,1,-2.323432343234322,Negative,363.446,377.198,349.695
2018-01-02,160,INFRATEL,EQ,369.95,371.0,380.0,370.1,378.65,378.8,377.43,4093118,1544865526.74,76984,2054076,50.18,2018,1,2.392215164211376,Positive,365.118,380.273,349.963
2018-01-03,161,INFRATEL,EQ,378.8,379.7,383.45,376.45,379.0,378.65,379.56,2009516,762731892.96,51526,1119084,55.69,2018,1,-0.039598732840562256,Slight or No change,366.614,382.721,350.507
2018-01-04,162,INFRATEL,EQ,378.65,381.8,381.8,377.25,378.25,379.05,379.19,4247055,1610440785.45,49282,3386897,79.75,2018,1,0.10563845239668357,Slight or No change,368.214,384.507,351.922
2018-01-05,163,INFRATEL,EQ,379.05,381.45,381.45,371.5,372.4,372.6,377.01,1576172,594232605.72,42346,1017185,64.54,2018,1,-1.7016224772457456,Negative,369.507,383.87,355.144
2018-01-08,164,INFRATEL,EQ,372.6,372.6,376.45,372.05,373.55,374.4,374.4,1754188,656767987.1999999,53264,1034505,58.97,2018,1,0.4830917874395935,Slight or No change,370.696,383.543,357.85
2018-01-09,165,INFRATEL,EQ,374.4,370.15,376.85,367.2,368.45,368.4,371.11,1659015,615677056.65,72276,1025486,61.81,2018,1,-1.602564102564108,Negative,371.118,383.169,359.067
2018-01-10,166,INFRATEL,EQ,368.4,368.5,373.0,364.6,370.85,370.8,367.63,4204087,1545548503.81,89025,3180317,75.65,2018,1,0.6514657980456029,Slight Positive,371.586,382.979,360.193
2018-01-11,167,INFRATEL,EQ,370.8,371.0,371.75,363.9,370.35,367.75,366.92,2373477,870876180.84,84726,1502157,63.29,2018,1,-0.8225458468176905,Slight negative,372.025,382.165,361.885
2018-01-12,168,INFRATEL,EQ,367.75,364.05,376.95,364.05,374.9,374.8,370.93,2834284,1051320964.12,106929,1703598,60.11,2018,1,1.9170632222977655,Positive,372.8,381.885,363.715
2018-01-15,169,INFRATEL,EQ,374.8,374.5,378.5,369.0,370.7,370.5,374.32,1038566,388756025.12,40971,510485,49.15,2018,1,-1.1472785485592385,Negative,372.864,381.864,363.865
2018-01-16,170,INFRATEL,EQ,370.5,373.45,375.35,366.15,368.05,367.95,370.21,1797985,665632026.8499999,52110,1085064,60.35,2018,1,-0.6882591093117396,Slight negative,372.896,381.816,363.977
2018-01-17,171,INFRATEL,EQ,367.95,365.0,373.2,360.85,368.35,366.1,366.89,2996802,1099496685.78,77914,1566625,52.28,2018,1,-0.5027857045794226,Slight negative,372.75,382.064,363.436
2018-01-18,172,INFRATEL,EQ,366.1,365.0,365.05,342.25,344.15,343.8,350.23,4256014,1490583783.22,96458,1802755,42.36,2018,1,-6.091231903851413,Among top losers,370.254,387.767,352.741
2018-01-19,173,INFRATEL,EQ,343.8,346.0,348.55,339.25,346.9,346.05,343.63,7653870,2630099348.1,102221,5696113,74.42,2018,1,0.654450261780104,Slight Positive,368.546,390.327,346.766
2018-01-22,174,INFRATEL,EQ,346.05,344.5,349.0,339.8,342.6,343.5,344.36,6688121,2303121347.56,67185,5416910,80.99,2018,1,-0.7368877329865686,Slight negative,366.025,390.676,341.374
2018-01-23,175,INFRATEL,EQ,343.5,344.4,345.5,337.85,338.8,339.4,341.71,5668180,1936873787.8,110373,4565812,80.55,2018,1,-1.1935953420669665,Negative,363.221,390.477,335.966
2018-01-24,176,INFRATEL,EQ,339.4,339.0,345.85,338.45,342.65,342.3,341.79,4933761,1686310172.19,85968,3424371,69.41,2018,1,0.854449027695936,Slight Positive,360.596,388.359,332.833
2018-01-25,177,INFRATEL,EQ,342.3,342.1,348.8,340.55,343.75,343.45,344.98,4683283,1615638969.3400002,105231,3442791,73.51,2018,1,0.3359626059012521,Slight or No change,358.514,386.767,330.261
2018-01-29,178,INFRATEL,EQ,343.45,343.0,355.65,340.5,352.4,353.4,347.36,4249433,1476083046.88,98510,3074845,72.36,2018,1,2.8970738098704314,Positive,357.014,383.827,330.201
2018-01-30,179,INFRATEL,EQ,353.4,352.2,354.6,342.1,345.0,344.45,347.12,3724844,1292967849.28,75840,2392029,64.22,2018,1,-2.53254102999434,Negative,355.304,382.043,328.564
2018-01-31,180,INFRATEL,EQ,344.45,345.0,353.95,343.2,352.0,351.55,346.84,3997015,1386324682.6,70972,3041037,76.08,2018,1,2.061257076498779,Positive,353.929,379.174,328.683
2018-02-01,181,INFRATEL,EQ,351.55,352.0,354.0,343.5,346.85,346.85,346.78,3045857,1056242290.46,69565,2084985,68.45,2018,2,-1.3369364244061988,Negative,352.436,376.609,328.262
2018-02-02,182,INFRATEL,EQ,346.85,342.0,349.6,341.8,346.0,344.85,345.25,4467011,1542235547.75,94373,3257629,72.93,2018,2,-0.5766181346403387,Slight negative,350.296,370.996,329.597
2018-02-05,183,INFRATEL,EQ,344.85,336.0,354.1,330.05,349.9,349.0,344.1,2690533,925812405.3,65768,1366255,50.78,2018,2,1.2034217775844571,Positive,348.761,365.884,331.637
2018-02-06,184,INFRATEL,EQ,349.0,339.4,349.2,328.15,347.0,344.95,343.75,1662550,571501562.5,47009,852607,51.28,2018,2,-1.1604584527220685,Negative,347.118,360.262,333.974
2018-02-07,185,INFRATEL,EQ,344.95,348.05,353.9,336.15,339.0,338.55,345.15,3376135,1165272995.25,88844,2149034,63.65,2018,2,-1.855341353819384,Negative,345.15,353.384,336.916
2018-02-08,186,INFRATEL,EQ,338.55,341.0,351.95,340.0,350.3,349.2,346.33,1436457,497488152.81,45615,703298,48.96,2018,2,3.1457687195391992,Among top gainers,345.536,354.0,337.071
2018-02-09,187,INFRATEL,EQ,349.2,342.9,349.15,339.05,342.45,341.5,341.65,3050243,1042115520.95,41250,2334336,76.53,2018,2,-2.205040091638022,Negative,345.211,353.935,336.486
2018-02-12,188,INFRATEL,EQ,341.5,345.4,346.15,336.25,337.15,338.25,339.35,3252157,1103619477.95,58251,2193399,67.44,2018,2,-0.9516837481698404,Slight negative,344.836,354.297,335.374
2018-02-14,189,INFRATEL,EQ,338.25,339.55,340.4,325.25,327.85,327.4,327.58,7362307,2411744527.06,111638,5332987,72.44,2018,2,-3.207686622320771,Among top losers,343.979,357.048,330.909
2018-02-15,190,INFRATEL,EQ,327.4,329.1,336.9,327.25,331.7,331.05,332.91,3526872,1174130957.52,53509,1684109,47.75,2018,2,1.114844227244971,Positive,343.175,357.96,328.39
2018-02-16,191,INFRATEL,EQ,331.05,334.4,334.4,322.55,328.5,327.55,327.78,2397216,785759460.4799999,47207,1384460,57.75,2018,2,-1.0572421084428352,Negative,342.039,359.014,325.065
2018-02-19,192,INFRATEL,EQ,327.55,330.85,333.4,325.1,331.85,329.85,329.53,2593948,854783684.4399999,54614,1259000,48.54,2018,2,0.7021828728438484,Slight Positive,340.357,357.148,323.566
2018-02-20,193,INFRATEL,EQ,329.85,332.0,335.75,322.7,334.45,334.0,330.25,2348949,775740407.25,60714,1281998,54.58,2018,2,1.2581476428679572,Positive,339.611,356.547,322.675
2018-02-21,194,INFRATEL,EQ,334.0,334.9,339.5,332.5,338.5,338.05,336.59,2192907,738110567.13,72809,1368031,62.38,2018,2,1.2125748502993972,Positive,338.646,354.129,323.164
2018-02-22,195,INFRATEL,EQ,338.05,335.0,338.05,330.0,332.4,333.85,332.48,8407719,2795398413.1200004,83640,5868790,69.8,2018,2,-1.2424197603904674,Negative,337.718,352.63,322.806
2018-02-23,196,INFRATEL,EQ,333.85,332.1,344.4,330.05,340.2,340.4,338.13,3108532,1051087925.16,82127,1969141,63.35,2018,2,1.9619589636064028,Positive,337.4,351.839,322.961
2018-02-26,197,INFRATEL,EQ,340.4,344.75,348.0,335.9,344.55,344.45,344.41,11037220,3801328940.2,63063,9576519,86.77,2018,2,1.189776733254999,Positive,337.075,350.563,323.587
2018-02-27,198,INFRATEL,EQ,344.45,346.9,349.35,339.95,340.1,344.8,343.69,6738482,2315948878.58,74819,5882496,87.3,2018,2,0.10161126433445578,Slight or No change,337.064,350.525,323.603
2018-02-28,199,INFRATEL,EQ,344.8,340.0,351.4,338.9,345.0,346.7,346.25,41050485,14213730431.25,155838,26336873,64.16,2018,2,0.5510440835266861,Slight Positive,337.646,352.056,323.237
2018-03-01,200,INFRATEL,EQ,346.7,348.0,352.2,342.25,345.0,345.2,345.68,3367869,1164204955.92,43631,2419995,71.86,2018,3,-0.43265070666281824,Slight or No change,337.361,350.917,323.805
2018-03-05,201,INFRATEL,EQ,345.2,342.5,342.5,335.0,335.8,339.15,338.66,2294182,776947676.12,57903,1391466,60.65,2018,3,-1.7526071842410285,Negative,337.193,350.585,323.8
2018-03-06,202,INFRATEL,EQ,339.15,339.8,340.45,328.8,332.1,331.95,332.18,10597788,3520373217.84,136703,8633353,81.46,2018,3,-2.122954444935865,Negative,336.743,350.403,323.083
2018-03-07,203,INFRATEL,EQ,331.95,331.0,336.6,327.65,329.3,329.45,333.53,10039533,3348485441.49,77287,8311923,82.79,2018,3,-0.7531254707034196,Slight negative,336.889,350.156,323.622
2018-03-08,204,INFRATEL,EQ,329.45,331.0,344.45,324.5,328.6,331.2,334.2,7186625,2401770075.0,90868,4033498,56.13,2018,3,0.5311883442100429,Slight Positive,336.9,350.147,323.653
2018-03-09,205,INFRATEL,EQ,331.2,332.0,338.1,328.85,332.6,333.15,333.89,5488752,1832639405.28,92318,3781108,68.89,2018,3,0.5887681159420177,Slight Positive,337.3,349.638,324.962
2018-03-12,206,INFRATEL,EQ,333.15,335.5,343.6,332.65,337.0,339.5,336.53,6680146,2248069533.38,35637,5485175,82.11,2018,3,1.9060483265796344,Positive,337.989,349.59,326.388
2018-03-13,207,INFRATEL,EQ,339.5,336.0,350.0,336.0,348.5,349.0,346.23,2491061,862480050.0300001,61422,1411834,56.68,2018,3,2.7982326951399017,Positive,339.061,351.79,326.331
2018-03-14,208,INFRATEL,EQ,349.0,345.9,346.7,337.55,338.25,339.15,340.39,2244680,764066625.1999999,69156,1229766,54.79,2018,3,-2.8223495702005774,Negative,339.139,351.856,326.423
2018-03-15,209,INFRATEL,EQ,339.15,340.0,344.85,336.25,337.0,337.9,340.77,1354562,461594092.74,36242,638055,47.1,2018,3,-0.36856848002359005,Slight or No change,339.429,351.806,327.051
2018-03-16,210,INFRATEL,EQ,337.9,339.0,343.4,332.5,336.05,334.45,337.17,3780358,1274623306.86,59698,2470338,65.35,2018,3,-1.021012133767385,Negative,339.004,351.644,326.364
2018-03-19,211,INFRATEL,EQ,334.45,334.95,337.15,320.05,327.5,325.35,328.47,2261162,742723882.1400001,61620,1293945,57.22,2018,3,-2.7208850351322917,Negative,337.639,351.781,323.498
2018-03-20,212,INFRATEL,EQ,325.35,325.0,343.95,323.45,341.5,341.9,338.8,5524750,1871785300.0,145087,2455884,44.45,2018,3,5.086829568157358,Among top gainers,337.432,351.202,323.662
2018-03-21,213,INFRATEL,EQ,341.9,345.8,345.8,336.3,337.0,337.15,338.96,2825185,957624707.6,73000,1514089,53.59,2018,3,-1.389295115530853,Negative,336.75,349.446,324.054
2018-03-22,214,INFRATEL,EQ,337.15,337.4,344.45,330.9,335.0,335.2,337.4,2264722,764117202.8,49863,1262762,55.76,2018,3,-0.5783775767462473,Slight negative,336.036,347.773,324.298
2018-03-23,215,INFRATEL,EQ,335.2,330.0,344.9,329.0,342.5,342.5,338.68,2991192,1013056906.56,55051,1373906,45.93,2018,3,2.1778042959427197,Positive,336.275,348.416,324.134
2018-03-26,216,INFRATEL,EQ,342.5,340.0,346.3,339.15,344.0,343.95,343.85,1353062,465250368.7000001,49568,609070,45.01,2018,3,0.4233576642335812,Slight or No change,337.132,349.646,324.618
2018-03-27,217,INFRATEL,EQ,343.95,346.7,346.7,332.75,337.0,336.55,336.08,3190225,1072170818.0,93943,1899976,59.56,2018,3,-2.151475505160627,Negative,337.639,349.363,325.916
2018-03-28,218,INFRATEL,EQ,336.55,337.5,342.0,331.05,335.25,336.15,335.87,7045038,2366216913.06,113924,5651329,80.22,2018,3,-0.11885306789481966,Slight or No change,337.993,349.165,326.82
2018-04-02,219,INFRATEL,EQ,336.15,336.0,344.4,335.9,339.2,337.65,341.1,1643242,560509846.2,83986,948341,57.71,2018,4,0.4462293618920032,Slight or No change,338.314,349.14,327.488
2018-04-03,220,INFRATEL,EQ,337.65,336.5,342.3,334.5,339.0,339.15,338.9,1165314,394924914.6,38084,566171,48.59,2018,4,0.44424700133274253,Slight or No change,338.289,349.105,327.474
2018-04-04,221,INFRATEL,EQ,339.15,337.0,338.95,335.0,336.8,336.95,336.95,1385801,466945646.95,48971,959402,69.23,2018,4,-0.6486805248415162,Slight negative,337.429,346.319,328.538
2018-04-05,222,INFRATEL,EQ,336.95,337.55,340.5,330.25,338.6,338.05,335.36,3807792,1276981125.12,57875,2696547,70.82,2018,4,0.3264579314438354,Slight or No change,337.35,346.194,328.506
2018-04-06,223,INFRATEL,EQ,338.05,338.0,342.85,335.35,338.0,338.0,338.77,5575268,1888733540.36,57670,4912239,88.11,2018,4,-0.014790711433221302,Slight or No change,337.357,346.204,328.511
2018-04-09,224,INFRATEL,EQ,338.0,338.0,340.2,336.25,338.2,337.2,338.11,5696918,1926184944.98,54266,5224314,91.7,2018,4,-0.2366863905325478,Slight or No change,337.554,346.243,328.865
2018-04-10,225,INFRATEL,EQ,337.2,339.0,341.0,332.1,336.05,335.45,337.15,3470927,1170223038.05,44990,2730842,78.68,2018,4,-0.5189798339264584,Slight negative,338.275,343.641,332.909
2018-04-11,226,INFRATEL,EQ,335.45,336.05,339.9,335.55,337.5,337.45,337.61,3468729,1171077597.69,19240,2970928,85.65,2018,4,0.5962140408406702,Slight Positive,337.957,342.91,333.005
2018-04-12,227,INFRATEL,EQ,337.45,339.2,341.55,335.95,341.0,340.7,338.41,2136706,723082677.46,32375,1631780,76.37,2018,4,0.9631056452807928,Slight Positive,338.211,343.345,333.076
2018-04-13,228,INFRATEL,EQ,340.7,341.0,348.45,336.9,339.9,339.7,343.98,2358332,811219041.36,36305,1226442,52.0,2018,4,-0.2935133548576441,Slight or No change,338.532,343.412,333.652
2018-04-16,229,INFRATEL,EQ,339.7,334.5,343.4,334.5,340.9,340.05,339.85,4175047,1418889722.95,24320,3522423,84.37,2018,4,0.10303208713571266,Slight or No change,338.357,342.778,333.936
2018-04-17,230,INFRATEL,EQ,340.05,342.2,343.0,330.4,333.5,334.0,334.65,2797188,936078964.2,54325,1756008,62.78,2018,4,-1.7791501249816208,Negative,337.646,341.332,333.961
2018-04-18,231,INFRATEL,EQ,334.0,335.0,338.0,334.5,336.0,336.05,335.99,2881187,968050020.13,18442,2474836,85.9,2018,4,0.6137724550898227,Slight Positive,337.611,341.352,333.87
2018-04-19,232,INFRATEL,EQ,336.05,337.0,338.6,334.4,335.35,335.95,336.1,2579826,867079518.6,39919,2091012,81.05,2018,4,-0.0297574765659947,Slight or No change,337.596,341.363,333.83
2018-04-20,233,INFRATEL,EQ,335.95,337.4,337.4,326.4,331.55,331.1,330.94,1307014,432543213.16,48330,809468,61.93,2018,4,-1.443667212382782,Negative,337.129,342.25,332.007
2018-04-23,234,INFRATEL,EQ,331.1,332.0,332.6,324.5,326.95,328.0,327.5,2475687,810787492.5,44644,1531985,61.88,2018,4,-0.9362730292962972,Slight negative,336.332,343.252,329.413
2018-04-24,235,INFRATEL,EQ,328.0,327.0,334.6,315.65,331.4,329.0,325.75,4979271,1621997528.25,68237,2399240,48.18,2018,4,0.304878048780477,Slight or No change,335.764,343.696,327.833
2018-04-25,236,INFRATEL,EQ,329.0,338.0,338.95,322.3,323.5,325.45,327.08,4998560,1634929004.8,109702,2439348,48.8,2018,4,-1.0790273556231078,Negative,334.864,344.38,325.349
2018-04-26,237,INFRATEL,EQ,325.45,326.5,327.0,310.5,317.3,316.1,315.13,6209388,1956764440.44,131468,3757338,60.51,2018,4,-2.8729451528652583,Negative,333.3,346.913,319.687
2018-04-27,238,INFRATEL,EQ,316.1,316.15,324.65,313.35,322.6,320.25,319.44,4360743,1392995743.92,67375,3338375,76.56,2018,4,1.312875672255598,Positive,332.089,347.147,317.032
2018-04-30,239,INFRATEL,EQ,320.25,317.1,321.9,312.0,316.0,313.1,314.62,3440871,1082566834.02,49507,2518368,73.19,2018,4,-2.2326307572209103,Negative,330.493,348.471,312.514
2018-05-02,240,INFRATEL,EQ,313.1,314.95,318.4,312.35,313.85,313.8,315.11,5741657,1809253537.27,55110,4884253,85.07,2018,5,0.2235707441711865,Slight or No change,328.804,348.343,309.264
2018-05-03,241,INFRATEL,EQ,313.8,311.35,327.0,311.35,324.3,324.95,323.27,4395421,1420907746.6699998,64385,1937548,44.08,2018,5,3.5532186105799783,Among top gainers,327.679,346.046,309.311
2018-05-04,242,INFRATEL,EQ,324.95,321.7,325.0,318.65,323.0,322.45,321.94,2125043,684136343.42,54594,1468989,69.13,2018,5,-0.7693491306354772,Slight negative,326.446,343.615,309.278
2018-05-07,243,INFRATEL,EQ,322.45,321.1,324.45,319.3,323.2,320.65,320.21,2621067,839291864.0699999,34468,2276748,86.86,2018,5,-0.5582260815630402,Slight negative,325.061,340.549,309.573
2018-05-08,244,INFRATEL,EQ,320.65,323.0,324.5,319.6,321.0,321.0,320.74,7307907,2343938091.18,40319,6921955,94.72,2018,5,0.10915328239513578,Slight or No change,324.132,338.851,309.413
2018-05-09,245,INFRATEL,EQ,321.0,323.9,328.2,322.15,324.9,324.85,325.52,2739153,891649084.56,19375,1910980,69.77,2018,5,1.1993769470405091,Positive,323.332,336.384,310.28
2018-05-10,246,INFRATEL,EQ,324.85,324.9,328.3,317.2,319.3,320.7,321.53,2809718,903408628.54,37013,2183953,77.73,2018,5,-1.2775126981683926,Negative,322.243,333.123,311.362
2018-05-11,247,INFRATEL,EQ,320.7,320.7,322.85,315.45,318.2,319.85,317.97,2806644,892428592.6800002,14215,1954870,69.65,2018,5,-0.2650452135952497,Slight or No change,321.439,331.095,311.784
2018-05-14,248,INFRATEL,EQ,319.85,319.25,323.3,313.0,313.3,316.0,318.85,1310795,417946985.75000006,24289,864661,65.96,2018,5,-1.2036892293262549,Negative,320.582,329.851,311.313
2018-05-15,249,INFRATEL,EQ,316.0,315.0,315.65,311.1,312.9,312.45,313.18,3695713,1157423397.34,29298,2958039,80.04,2018,5,-1.123417721518993,Negative,319.4,328.257,310.543
2018-05-16,250,INFRATEL,EQ,312.45,312.2,323.8,308.2,314.3,315.2,314.75,2250017,708192850.75,19155,1291302,57.39,2018,5,0.8801408225316054,Slight Positive,318.668,327.053,310.283
2018-05-17,251,INFRATEL,EQ,315.2,317.7,324.75,312.9,320.0,321.75,321.05,3255853,1045291605.65,42029,2077685,63.81,2018,5,2.078045685279184,Positive,319.071,327.468,310.675
2018-05-18,252,INFRATEL,EQ,321.75,318.5,322.25,315.1,317.0,316.15,319.17,1949318,622163826.0600001,32325,1115292,57.21,2018,5,-1.7404817404817474,Negative,318.779,327.283,310.274
2018-05-21,253,INFRATEL,EQ,316.15,316.0,323.5,315.6,319.8,321.7,321.12,1523518,489232100.16,27715,792871,52.04,2018,5,1.755495808951446,Positive,319.393,327.355,311.43
2018-05-22,254,INFRATEL,EQ,321.7,319.5,320.7,313.05,316.05,315.85,315.85,2443082,771647449.7,63348,1643857,67.29,2018,5,-1.818464407833376,Negative,319.539,327.125,311.953
2018-05-23,255,INFRATEL,EQ,315.85,317.0,319.5,313.75,317.0,317.3,316.94,3690868,1169783703.92,43571,3200675,86.72,2018,5,0.4590786765869881,Slight or No change,318.993,325.978,312.007
2018-05-24,256,INFRATEL,EQ,317.3,318.8,319.55,313.65,317.0,318.35,316.44,4111643,1301088310.92,43285,3573757,86.92,2018,5,0.33091711314214844,Slight or No change,318.7,325.399,312.001
2018-05-25,257,INFRATEL,EQ,318.35,318.0,318.15,312.0,315.05,314.85,314.17,1105911,347444058.87,50694,581302,52.56,2018,5,-1.0994188785927397,Negative,318.286,325.18,311.392
2018-05-28,258,INFRATEL,EQ,314.85,315.85,317.95,309.2,311.9,310.7,312.98,1201629,376085844.42,44664,634741,52.82,2018,5,-1.3180879784024269,Negative,317.55,325.337,309.763
2018-05-29,259,INFRATEL,EQ,310.7,312.0,313.8,303.15,304.85,304.9,306.11,2631933,805661010.63,57743,1388978,52.77,2018,5,-1.8667524943675629,Negative,316.125,325.33,306.92
2018-05-30,260,INFRATEL,EQ,304.9,307.0,307.0,298.95,301.0,301.15,300.98,2554562,768872070.76,45650,1432348,56.07,2018,5,-1.2299114463758642,Negative,314.729,326.514,302.943
2018-05-31,261,INFRATEL,EQ,301.15,301.55,304.0,293.35,300.9,298.65,300.03,11366237,3410212087.11,107109,9199044,80.93,2018,5,-0.8301510874979212,Slight negative,313.214,327.374,299.055
2018-06-01,262,INFRATEL,EQ,298.65,300.2,303.9,298.75,300.8,300.65,300.32,1271174,381758975.68,34043,833074,65.54,2018,6,0.6696802276912717,Slight Positive,312.118,327.658,296.578
2018-06-04,263,INFRATEL,EQ,300.65,302.0,302.15,294.0,294.05,295.15,297.04,926733,275276770.32,43500,460663,49.71,2018,6,-1.8293696989855281,Negative,310.882,328.867,292.897
2018-06-05,264,INFRATEL,EQ,295.15,298.5,298.5,289.5,294.1,294.65,292.84,2364464,692409637.76,96385,1513365,64.0,2018,6,-0.1694053870913148,Slight or No change,309.414,329.151,289.678
2018-06-06,265,INFRATEL,EQ,294.65,295.0,297.2,292.75,294.15,294.6,294.54,1434703,422577421.62,38659,851305,59.34,2018,6,-0.016969285593060324,Slight or No change,307.475,327.325,287.625
2018-06-07,266,INFRATEL,EQ,294.6,294.2,295.5,292.6,293.9,293.8,293.85,2471537,726261147.45,61112,1905796,77.11,2018,6,-0.2715546503733957,Slight or No change,305.879,326.31,285.447
2018-06-08,267,INFRATEL,EQ,293.8,293.9,299.45,293.1,298.6,298.4,297.33,1360769,404597446.77,28019,695520,51.11,2018,6,1.5656909462218982,Positive,304.214,322.807,285.622
2018-06-11,268,INFRATEL,EQ,298.4,299.0,302.05,298.0,300.3,300.0,300.14,2123262,637275856.68,26956,1675144,78.89,2018,6,0.536193029490617,Slight Positive,303.082,320.517,285.647
2018-06-12,269,INFRATEL,EQ,300.0,302.0,302.0,298.6,300.05,299.75,300.11,946261,283982388.71000004,30911,674055,71.23,2018,6,-0.08333333333333526,Slight or No change,301.829,317.269,286.388
2018-06-13,270,INFRATEL,EQ,299.75,300.0,302.2,296.6,300.0,300.5,300.31,5147453,1545831610.43,27766,4670010,90.72,2018,6,0.2502085070892335,Slight or No change,300.554,312.718,288.389
2018-06-14,271,INFRATEL,EQ,300.5,298.0,299.85,294.9,296.0,296.5,296.61,1055622,313108041.42,36811,640697,60.69,2018,6,-1.331114808652245,Negative,299.243,308.339,290.147
2018-06-15,272,INFRATEL,EQ,296.5,296.5,297.7,291.6,293.5,293.6,293.16,3264270,956953393.2,64409,2440307,74.76,2018,6,-0.9780775716694668,Slight negative,298.021,304.783,291.26
2018-06-18,273,INFRATEL,EQ,293.6,292.0,294.0,288.9,291.15,291.3,290.68,1377676,400462859.68,26133,875455,63.55,2018,6,-0.7833787465940101,Slight negative,297.05,303.453,290.647
2018-06-19,274,INFRATEL,EQ,291.3,290.1,292.5,285.9,288.05,287.75,289.1,1300911,376093370.1,34648,840934,64.64,2018,6,-1.2186749055956068,Negative,296.093,303.741,288.445
2018-06-20,275,INFRATEL,EQ,287.75,288.2,290.9,284.1,284.9,285.3,287.17,1887084,541913912.28,44387,1362391,72.2,2018,6,-0.8514335360556013,Slight negative,295.139,304.542,285.737
2018-06-21,276,INFRATEL,EQ,285.3,286.9,286.9,274.55,278.95,279.6,278.43,5646050,1572029701.5,97495,3123563,55.32,2018,6,-1.9978969505783373,Negative,293.636,305.62,281.651
2018-06-22,277,INFRATEL,EQ,279.6,278.95,287.95,275.45,285.85,286.0,284.11,2317644,658465836.84,70269,836960,36.11,2018,6,2.2889842632331847,Positive,292.982,305.592,280.372
2018-06-25,278,INFRATEL,EQ,286.0,285.85,293.0,283.25,290.75,291.95,288.51,2416530,697193070.3,57434,1378426,57.04,2018,6,2.080419580419579,Positive,292.789,305.372,280.206
2018-06-26,279,INFRATEL,EQ,291.95,290.0,294.95,282.35,292.8,292.95,290.96,5285978,1538008158.88,54111,4021209,76.07,2018,6,0.3425244048638421,Slight or No change,292.671,305.212,280.131
2018-06-27,280,INFRATEL,EQ,292.95,291.95,302.75,287.2,300.0,299.55,298.93,4099169,1225364589.17,109442,2041078,49.79,2018,6,2.2529441884280743,Positive,293.082,306.148,280.017
2018-06-28,281,INFRATEL,EQ,299.55,299.0,300.0,293.9,298.85,297.95,296.86,4702328,1395933090.0800002,55470,3570447,75.93,2018,6,-0.5341345351360438,Slight negative,293.05,306.061,280.039
2018-06-29,282,INFRATEL,EQ,297.95,300.0,307.95,295.6,300.5,300.55,301.0,3871075,1165193575.0,49086,2957370,76.4,2018,6,0.8726296358449571,Slight Positive,293.089,306.194,279.985
2018-07-02,283,INFRATEL,EQ,300.55,301.0,304.8,294.8,300.0,298.9,299.21,2444336,731369774.56,18381,1551143,63.46,2018,7,-0.5489935118948686,Slight negative,293.029,306.008,280.05
2018-07-03,284,INFRATEL,EQ,298.9,296.0,297.8,286.6,291.5,291.5,291.02,2404666,699805899.3199999,53462,1416430,58.9,2018,7,-2.475744396119095,Negative,292.386,304.642,280.129
2018-07-04,285,INFRATEL,EQ,291.5,291.5,301.85,289.55,297.7,299.5,298.17,2171623,647512829.9100001,29492,685646,31.57,2018,7,2.7444253859348238,Positive,292.6,305.264,279.936
2018-07-05,286,INFRATEL,EQ,299.5,296.7,305.1,294.3,303.0,303.45,298.98,1418401,424073530.98,28730,447730,31.57,2018,7,1.3188647746243731,Positive,293.304,307.238,279.369
2018-07-06,287,INFRATEL,EQ,303.45,300.45,303.95,295.35,299.0,299.1,300.3,1382388,415131116.4,28129,778192,56.29,2018,7,-1.4335145823034967,Negative,293.861,308.071,279.65
2018-07-09,288,INFRATEL,EQ,299.1,299.1,303.0,299.1,301.85,301.85,301.57,613883,185128696.31,20744,379088,61.75,2018,7,0.9194249414911316,Slight Positive,294.868,309.211,280.525
2018-07-10,289,INFRATEL,EQ,301.85,301.95,307.1,299.85,305.4,305.3,304.29,878200,267227478.00000003,28598,431412,49.12,2018,7,1.14295179725028,Positive,296.296,310.518,282.075
2018-07-11,290,INFRATEL,EQ,305.3,305.3,319.2,304.0,315.0,317.15,315.95,4059566,1282619877.7,62860,1465762,36.11,2018,7,3.8814281035047364,Among top gainers,298.979,313.787,284.17
2018-07-12,291,INFRATEL,EQ,317.15,315.0,317.0,307.65,311.65,314.05,311.17,1586131,493556383.27,39548,441812,27.85,2018,7,-0.9774554627147936,Slight negative,300.982,315.816,286.148
2018-07-13,292,INFRATEL,EQ,314.05,314.0,314.0,300.35,302.25,302.7,304.77,1416753,431783811.81,24642,454387,32.07,2018,7,-3.614074192007655,Among top losers,301.75,315.654,287.846
2018-07-16,293,INFRATEL,EQ,302.7,302.7,305.7,298.3,301.2,301.15,300.37,1661955,499201423.35,19765,1135684,68.33,2018,7,-0.5120581433762816,Slight negative,302.336,315.302,289.369
2018-07-17,294,INFRATEL,EQ,301.15,299.0,307.25,297.1,302.6,303.35,303.79,836130,254007932.7,21381,469789,56.19,2018,7,0.7305329569981867,Slight Positive,302.607,315.481,289.733
2018-07-18,295,INFRATEL,EQ,303.35,303.2,305.6,298.75,300.1,299.25,300.36,1537581,461827829.16,28674,1052469,68.45,2018,7,-1.3515740893357608,Negative,302.7,315.447,289.953
2018-07-19,296,INFRATEL,EQ,299.25,287.0,292.4,283.4,285.6,285.3,285.84,2182923,623966710.3199999,40393,1158858,53.09,2018,7,-4.6616541353383445,Among top losers,301.611,317.394,285.827
2018-07-20,297,INFRATEL,EQ,285.3,285.0,288.2,285.0,286.05,286.0,286.25,4041062,1156753997.5,18427,3580601,88.61,2018,7,0.2453557658604888,Slight or No change,300.689,318.527,282.852
2018-07-23,298,INFRATEL,EQ,286.0,287.0,289.65,284.0,287.0,286.7,287.15,629540,180772411.0,10983,350133,55.62,2018,7,0.2447552447552459,Slight or No change,300.346,319.106,281.587
2018-07-24,299,INFRATEL,EQ,286.7,287.0,288.0,285.1,286.0,285.85,286.12,3997082,1143645101.84,21242,3419059,85.54,2018,7,-0.29647715381930784,Slight or No change,299.371,319.675,279.067
2018-07-25,300,INFRATEL,EQ,285.85,286.0,291.9,283.45,286.05,286.9,286.93,6454497,1851988824.21,39690,4764355,73.81,2018,7,0.3673255203778147,Slight or No change,298.189,319.378,277.0
2018-07-26,301,INFRATEL,EQ,286.9,286.0,288.65,278.05,286.0,286.85,284.35,5254405,1494090061.7500002,54007,3374566,64.22,2018,7,-0.017427675148118382,Slight or No change,297.314,319.337,275.292
2018-07-27,302,INFRATEL,EQ,286.85,287.3,290.8,284.1,289.05,289.45,287.4,1703895,489699423.0,28349,671860,39.43,2018,7,0.9063970716402192,Slight Positive,296.429,318.661,274.196
2018-07-30,303,INFRATEL,EQ,289.45,290.0,292.35,287.0,288.5,289.15,289.38,1203306,348212690.28,21784,586544,48.74,2018,7,-0.10364484366902628,Slight or No change,295.275,317.199,273.351
2018-07-31,304,INFRATEL,EQ,289.15,290.0,291.75,285.95,286.0,286.65,288.86,1744891,504029214.2600001,50271,920702,52.77,2018,7,-0.8646031471554516,Slight negative,293.096,311.423,274.77
2018-08-01,305,INFRATEL,EQ,286.65,287.0,297.45,285.75,293.1,293.25,292.68,1897046,555227423.28,67870,824566,43.47,2018,8,2.302459445316596,Positive,291.611,305.441,277.781
2018-08-02,306,INFRATEL,EQ,293.25,293.25,297.9,289.4,289.6,291.15,292.88,1228980,359943662.4,27186,582999,47.44,2018,8,-0.7161125319693151,Slight negative,290.786,303.056,278.515
2018-08-03,307,INFRATEL,EQ,291.15,289.9,292.6,288.75,290.0,290.1,290.34,1138162,330453955.08,35931,690192,60.64,2018,8,-0.3606388459556742,Slight or No change,289.996,300.719,279.274
2018-08-06,308,INFRATEL,EQ,290.1,291.45,291.85,285.75,286.9,287.05,289.17,684331,197887995.27,30245,386225,56.44,2018,8,-1.0513615994484748,Negative,288.832,296.378,281.286
2018-08-07,309,INFRATEL,EQ,287.05,286.4,289.5,285.0,285.95,285.9,286.93,1854883,532221579.19,24845,1292183,69.66,2018,8,-0.400627068454984,Slight or No change,287.879,292.598,283.159
2018-08-08,310,INFRATEL,EQ,285.9,286.0,292.5,284.15,292.5,290.45,285.92,5442103,1556006089.76,42083,4255639,78.2,2018,8,1.5914655473941997,Positive,288.246,292.902,283.591
2018-08-09,311,INFRATEL,EQ,290.45,291.2,296.85,289.3,292.05,293.25,294.42,1562399,460001513.58,15533,688252,44.05,2018,8,0.9640213461869608,Slight Positive,288.764,293.929,283.6
2018-08-10,312,INFRATEL,EQ,293.25,290.3,293.65,287.6,290.2,289.9,290.26,1271219,368984026.94,19504,601970,47.35,2018,8,-1.1423699914748564,Negative,288.993,294.046,283.94
2018-08-13,313,INFRATEL,EQ,289.9,287.2,287.55,283.45,285.05,285.25,285.32,1095747,312638534.04,16649,657117,59.97,2018,8,-1.604001379786124,Negative,288.95,294.127,283.773
2018-08-14,314,INFRATEL,EQ,285.25,285.3,285.75,280.2,283.6,283.9,283.59,2241692,635721434.28,48962,1522320,67.91,2018,8,-0.4732690622261226,Slight or No change,288.736,294.494,282.978
2018-08-16,315,INFRATEL,EQ,283.9,282.0,283.45,279.0,280.9,280.65,281.43,1705620,480012636.6,84568,1175265,68.91,2018,8,-1.1447692849594904,Negative,288.293,295.457,281.128
2018-08-17,316,INFRATEL,EQ,280.65,281.0,285.4,281.0,282.25,282.55,282.97,2626989,743359077.33,87418,1849121,70.39,2018,8,0.6769998218421724,Slight Positive,287.8,295.547,280.053
2018-08-20,317,INFRATEL,EQ,282.55,282.6,287.0,281.9,285.75,284.8,285.21,1706019,486573678.99,89319,1107123,64.9,2018,8,0.796319235533538,Slight Positive,287.489,295.351,279.627
2018-08-21,318,INFRATEL,EQ,284.8,285.45,289.7,284.35,287.0,287.5,287.15,2304463,661726550.4499999,90363,1662843,72.16,2018,8,0.9480337078651592,Slight Positive,287.55,295.397,279.703
2018-08-23,319,INFRATEL,EQ,287.5,288.0,290.7,282.55,283.35,283.9,285.16,1875794,534901417.04,108937,1264179,67.39,2018,8,-1.252173913043486,Negative,286.882,294.214,279.55
2018-08-24,320,INFRATEL,EQ,283.9,283.4,291.4,278.85,285.0,285.55,285.92,3456951,988411429.92,89480,1865813,53.97,2018,8,0.5811905600563659,Slight Positive,286.482,293.411,279.553
2018-08-27,321,INFRATEL,EQ,285.55,285.55,289.8,281.6,289.05,288.05,285.16,2244792,640124886.72,65565,1354105,60.32,2018,8,0.8755034144633189,Slight Positive,286.336,293.018,279.654
2018-08-28,322,INFRATEL,EQ,288.05,289.8,289.8,282.6,286.2,286.15,286.04,10163994,2907308843.76,49381,8918609,87.75,2018,8,-0.6596077069953243,Slight negative,286.271,292.941,279.602
2018-08-29,323,INFRATEL,EQ,286.15,287.2,287.2,282.25,283.35,283.6,283.98,4826522,1370635717.5600002,24362,4275277,88.58,2018,8,-0.8911410099597951,Slight negative,286.107,292.928,279.286
2018-08-30,324,INFRATEL,EQ,283.6,282.3,286.0,280.1,284.0,284.4,283.75,2645826,750753127.5,33771,1593668,60.23,2018,8,0.28208744710858097,Slight or No change,285.675,292.063,279.287
2018-08-31,325,INFRATEL,EQ,284.4,285.75,294.8,285.0,285.75,286.9,290.26,2495220,724262557.1999999,63535,975982,39.11,2018,8,0.8790436005625901,Slight Positive,285.221,289.989,280.454
2018-09-03,326,INFRATEL,EQ,286.9,289.05,292.9,286.0,290.0,289.8,290.68,1141409,331784768.12,22555,476987,41.79,2018,9,1.0108051585918654,Positive,285.214,289.952,280.476
2018-09-04,327,INFRATEL,EQ,289.8,291.0,292.0,282.4,284.15,284.05,286.31,1433152,410325749.12,19258,791667,55.24,2018,9,-1.984126984126988,Negative,285.129,289.907,280.35
2018-09-05,328,INFRATEL,EQ,284.05,284.0,284.0,269.25,271.9,271.35,275.11,2129182,585759260.02,35708,823284,38.67,2018,9,-4.471043830311562,Among top losers,284.232,293.025,275.439
2018-09-06,329,INFRATEL,EQ,271.35,266.35,277.6,265.6,271.0,270.95,270.87,3939106,1066985642.22,44904,941575,23.9,2018,9,-0.14741109268473496,Slight or No change,283.539,294.746,272.333
2018-09-07,330,INFRATEL,EQ,270.95,272.0,279.35,267.2,274.5,277.35,275.61,2042234,562860112.74,33945,843059,41.28,2018,9,2.3620594205573164,Positive,283.168,294.85,271.485
2018-09-10,331,INFRATEL,EQ,277.35,273.9,279.0,272.7,275.25,275.7,275.77,793199,218740488.23,12695,218510,27.55,2018,9,-0.5949161709032036,Slight negative,282.518,294.806,270.23
2018-09-11,332,INFRATEL,EQ,275.7,275.25,276.8,269.0,270.2,270.2,270.44,2484626,671942255.4399999,35447,1574391,63.37,2018,9,-1.9949220166847967,Negative,281.282,294.827,267.737
2018-09-12,333,INFRATEL,EQ,270.2,270.2,272.3,263.3,270.6,270.8,267.69,1097568,293807977.92,37714,439314,40.03,2018,9,0.2220577350111164,Slight or No change,280.346,294.886,265.807
2018-09-14,334,INFRATEL,EQ,270.8,270.8,275.9,270.55,275.55,274.6,272.57,3099251,844762845.0699999,34240,2325256,75.03,2018,9,1.4032496307237796,Positive,279.564,294.076,265.053
2018-09-17,335,INFRATEL,EQ,274.6,274.8,275.0,266.0,266.9,266.85,270.22,2277951,615547919.22,49718,1350391,59.28,2018,9,-2.8222869628550584,Negative,278.05,293.159,262.941
2018-09-18,336,INFRATEL,EQ,266.85,268.0,268.0,265.0,266.45,266.7,266.56,1788883,476844652.48,34711,1016348,56.81,2018,9,-0.05621135469365823,Slight or No change,276.661,292.134,261.187
2018-09-19,337,INFRATEL,EQ,266.7,268.0,272.85,264.0,271.0,270.9,268.62,1208800,324707856.0,46294,577922,47.81,2018,9,1.5748031496062964,Positive,275.754,290.961,260.546
2018-09-21,338,INFRATEL,EQ,270.9,272.9,282.85,270.6,279.05,281.2,278.49,3625576,1009686660.24,61403,1771827,48.87,2018,9,3.8021410114433385,Among top gainers,275.525,290.262,260.788
2018-09-24,339,INFRATEL,EQ,281.2,280.0,283.95,273.05,277.7,277.85,279.07,1342760,374724033.2,30056,402161,29.95,2018,9,-1.1913229018492009,Negative,274.879,288.191,261.566
2018-09-25,340,INFRATEL,EQ,277.85,277.0,280.0,268.05,270.0,269.35,272.91,2794731,762710037.21,71352,1399585,50.08,2018,9,-3.0592046068022345,Among top losers,273.418,283.855,262.981
2018-09-26,341,INFRATEL,EQ,269.35,270.0,273.9,257.7,261.9,261.5,264.38,2575108,680807053.04,56674,1080750,41.97,2018,9,-2.9144236124002303,Negative,271.807,282.136,261.478
2018-09-27,342,INFRATEL,EQ,261.5,262.0,271.05,256.85,269.95,267.85,264.46,3769191,996800251.86,54335,2045695,54.27,2018,9,2.4282982791587138,Positive,271.557,282.101,261.014
2018-09-28,343,INFRATEL,EQ,267.85,267.85,275.45,261.5,262.2,262.95,269.41,2438632,656991847.12,52738,921868,37.8,2018,9,-1.8293821168564597,Negative,270.986,282.494,259.477
2018-10-01,344,INFRATEL,EQ,262.95,262.9,272.3,262.0,265.15,267.6,267.78,2928255,784128123.9,48477,1247762,42.61,2018,10,1.7683970336566102,Positive,270.289,281.308,259.27
2018-10-03,345,INFRATEL,EQ,267.6,267.6,267.6,250.0,250.35,251.7,254.34,2989267,760290168.78,36943,668096,22.35,2018,10,-5.941704035874452,Among top losers,268.575,282.93,254.22
2018-10-04,346,INFRATEL,EQ,251.7,242.65,261.6,242.25,258.1,256.15,256.2,4972966,1274073889.2,75119,2128358,42.8,2018,10,1.7679777512912054,Positive,267.571,283.333,251.81
2018-10-05,347,INFRATEL,EQ,256.15,254.9,264.0,253.6,260.5,260.2,261.02,4498382,1174167669.64,70598,2929802,65.13,2018,10,1.5811048213937084,Positive,266.814,282.922,250.706
2018-10-08,348,INFRATEL,EQ,260.2,260.0,269.5,253.15,266.55,266.7,260.74,2253966,587699094.84,59514,651104,28.89,2018,10,2.49807840122982,Positive,266.25,281.724,250.776
2018-10-09,349,INFRATEL,EQ,266.7,266.7,273.9,261.95,270.0,266.5,268.98,2128482,572519088.36,46167,711522,33.43,2018,10,-0.07499062617172259,Slight or No change,266.225,281.696,250.754
2018-10-10,350,INFRATEL,EQ,266.5,268.45,276.0,256.5,258.7,258.25,266.93,2832141,755983397.13,42257,1088034,38.42,2018,10,-3.0956848030018747,Among top losers,265.621,281.662,249.581
2018-10-11,351,INFRATEL,EQ,258.25,252.7,262.65,252.0,262.5,259.75,259.45,4629003,1200994828.35,58507,3294210,71.16,2018,10,0.5808325266214887,Slight Positive,264.825,280.843,248.807
2018-10-12,352,INFRATEL,EQ,259.75,259.95,267.5,258.0,265.0,265.55,263.5,2502620,659440370.0,67610,1413332,56.47,2018,10,2.232916265640039,Positive,263.707,276.702,250.712
2018-10-15,353,INFRATEL,EQ,265.55,267.55,271.6,264.85,268.55,268.6,268.27,1953850,524159339.5,47698,842815,43.14,2018,10,1.1485595932969384,Positive,263.046,273.667,252.426
2018-10-16,354,INFRATEL,EQ,268.6,268.6,277.5,263.8,266.4,266.25,270.08,2760250,745488320.0,34857,771189,27.94,2018,10,-0.8749069247952379,Slight negative,262.825,273.0,252.65
2018-10-17,355,INFRATEL,EQ,266.25,268.7,269.65,258.2,261.05,260.0,263.88,1618929,427202984.52,15922,660908,40.82,2018,10,-2.3474178403755874,Negative,262.718,272.984,252.452
2018-10-19,356,INFRATEL,EQ,260.0,261.0,268.65,261.0,264.1,264.45,264.98,2544569,674259893.62,50941,1261989,49.6,2018,10,1.7115384615384643,Positive,262.475,272.372,252.578
2018-10-22,357,INFRATEL,EQ,264.45,266.0,267.9,260.65,264.6,265.25,265.03,1228217,325514351.51,26336,447989,36.47,2018,10,0.30251465305350944,Slight or No change,262.639,272.646,252.632
2018-10-23,358,INFRATEL,EQ,265.25,264.6,270.4,258.6,265.0,265.5,262.59,8806279,2312440802.61,44744,7202980,81.79,2018,10,0.09425070688029448,Slight or No change,262.489,272.235,252.743
2018-10-24,359,INFRATEL,EQ,265.5,265.55,267.9,259.9,264.0,263.25,262.71,2283437,599881734.27,56030,1045545,45.79,2018,10,-0.8474576271186418,Slight negative,263.314,270.825,255.803
2018-10-25,360,INFRATEL,EQ,263.25,260.1,270.7,260.0,264.5,265.0,264.93,6916739,1832451663.27,61144,4523798,65.4,2018,10,0.6647673314339908,Slight Positive,263.946,270.253,257.64
2018-10-26,361,INFRATEL,EQ,265.0,264.5,268.45,261.85,265.0,265.0,264.82,2293262,607301642.84,23982,945375,41.22,2018,10,0.0,Slight or No change,264.289,270.23,258.349
2018-10-29,362,INFRATEL,EQ,265.0,263.5,266.75,262.55,266.15,264.65,264.82,995410,263604476.2,31366,548026,55.06,2018,10,-0.13207547169812314,Slight or No change,264.143,269.927,258.359
2018-10-30,363,INFRATEL,EQ,264.65,265.15,267.95,263.5,265.6,266.2,265.81,1524274,405167271.94,62947,1035193,67.91,2018,10,0.5856791989420129,Slight Positive,264.121,269.87,258.373
2018-10-31,364,INFRATEL,EQ,266.2,265.0,271.0,259.4,267.0,269.25,264.95,2396820,635037459.0,71448,1574248,65.68,2018,10,1.1457550713749098,Positive,264.907,270.186,259.628
2018-11-01,365,INFRATEL,EQ,269.25,264.05,266.95,260.35,261.0,261.2,262.95,2270401,597001942.9499999,61674,1413471,62.26,2018,11,-2.9897864438254484,Negative,265.011,269.896,260.125
2018-11-02,366,INFRATEL,EQ,261.2,262.8,264.75,260.25,261.0,262.3,263.33,1687971,444493403.43,41287,888860,52.66,2018,11,0.4211332312404448,Slight or No change,264.779,269.859,259.699
2018-11-05,367,INFRATEL,EQ,262.3,262.3,264.0,258.05,261.95,261.95,261.21,1661661,434042469.81,66619,966677,58.18,2018,11,-0.13343499809379544,Slight or No change,264.304,269.079,259.528
2018-11-06,368,INFRATEL,EQ,261.95,261.15,265.75,259.3,262.1,262.65,263.62,1582175,417092973.5,56589,954972,60.36,2018,11,0.2672265699561027,Slight or No change,264.046,268.757,259.335
2018-11-07,369,INFRATEL,EQ,262.65,264.9,266.25,263.0,266.0,265.15,265.01,94257,24979047.57,1001,37858,40.16,2018,11,0.9518370454978164,Slight Positive,264.414,268.531,260.298
2018-11-09,370,INFRATEL,EQ,265.15,267.8,274.1,264.35,264.7,265.85,269.56,4838067,1304149340.52,65298,3056914,63.18,2018,11,0.26400150858005844,Slight or No change,264.514,268.702,260.326
2018-11-12,371,INFRATEL,EQ,265.85,267.95,268.8,257.45,257.8,258.5,260.65,2007650,523293972.5,22778,1485269,73.98,2018,11,-2.7647169456460507,Negative,264.032,269.276,258.788
2018-11-13,372,INFRATEL,EQ,258.5,258.0,261.25,253.55,258.0,258.4,257.22,1412523,363329166.06000006,36582,536840,38.01,2018,11,-0.03868471953579755,Slight or No change,263.525,269.482,257.568
2018-11-14,373,INFRATEL,EQ,258.4,260.0,261.5,256.85,259.1,260.05,259.69,813648,211296249.12,28217,344374,42.32,2018,11,0.6385448916408798,Slight Positive,263.296,269.538,257.055
2018-11-15,374,INFRATEL,EQ,260.05,261.95,261.95,254.0,254.8,255.4,257.67,1206044,310761357.48,31901,559095,46.36,2018,11,-1.7881176696789125,Negative,262.611,270.042,255.179
2018-11-16,375,INFRATEL,EQ,255.4,257.8,262.25,256.0,259.4,259.6,259.72,1581500,410747180.00000006,52196,576368,36.44,2018,11,1.6444792482380732,Positive,262.225,269.683,254.767
2018-11-19,376,INFRATEL,EQ,259.6,259.5,261.8,257.5,260.2,259.95,259.75,741946,192720473.5,25378,402152,54.2,2018,11,0.13482280431431626,Slight or No change,261.889,269.3,254.479
2018-11-20,377,INFRATEL,EQ,259.95,260.0,261.25,257.9,259.3,260.3,259.81,1005059,261124378.79,42665,533146,53.05,2018,11,0.13464127716869,Slight or No change,261.468,268.483,254.453
2018-11-21,378,INFRATEL,EQ,260.3,259.05,260.55,256.45,258.35,258.85,259.14,1328745,344330979.29999995,33238,754115,56.75,2018,11,-0.5570495582020718,Slight negative,260.725,266.23,255.22
2018-11-22,379,INFRATEL,EQ,258.85,258.7,263.5,244.1,258.2,258.1,255.84,2857031,730942811.04,47462,1034079,36.19,2018,11,-0.2897430944562518,Slight or No change,260.504,266.173,254.834
2018-11-26,380,INFRATEL,EQ,258.1,259.0,268.55,258.3,263.0,262.75,262.24,3138480,823034995.2,75097,2135016,68.03,2018,11,1.8016272762495067,Positive,260.536,266.254,254.817
2018-11-27,381,INFRATEL,EQ,262.75,262.0,268.25,259.15,264.05,264.15,264.78,2270520,601188285.5999999,56936,1495964,65.89,2018,11,0.5328258801141628,Slight Positive,260.693,266.693,254.693
2018-11-28,382,INFRATEL,EQ,264.15,266.0,266.3,257.6,259.4,259.65,260.17,1726167,449096868.3900001,64504,826223,47.86,2018,11,-1.703577512776833,Negative,260.479,266.391,254.566
2018-11-29,383,INFRATEL,EQ,259.65,260.85,266.5,254.25,264.5,265.45,261.35,1424071,372180955.85,30498,625452,43.92,2018,11,2.2337762372424352,Positive,260.5,266.487,254.513
2018-11-30,384,INFRATEL,EQ,265.45,262.6,265.95,255.3,255.95,256.75,257.97,3389542,874400149.7400001,67712,2032644,59.97,2018,11,-3.2774533810510427,Among top losers,259.85,265.285,254.415
2018-12-03,385,INFRATEL,EQ,256.75,257.0,259.95,253.95,255.7,256.0,256.65,2081914,534323228.1,52674,1090805,52.39,2018,12,-0.2921129503407949,Slight or No change,259.671,265.451,253.892
2018-12-04,386,INFRATEL,EQ,256.0,255.7,257.0,252.5,254.7,254.85,254.8,4028606,1026488808.8,24226,3411856,84.69,2018,12,-0.4492187500000022,Slight or No change,259.418,265.725,253.11
2018-12-05,387,INFRATEL,EQ,254.85,255.0,259.4,253.35,258.0,258.35,257.57,1194976,307789968.32,22378,254352,21.29,2018,12,1.3733568765940785,Positive,259.296,265.617,252.976
2018-12-06,388,INFRATEL,EQ,258.35,255.75,257.8,253.55,255.55,255.65,255.65,648790,165863163.5,30436,270191,41.65,2018,12,-1.0450938649119499,Negative,259.314,265.589,253.04
2018-12-07,389,INFRATEL,EQ,255.65,254.0,256.95,251.55,252.6,252.85,253.94,721812,183296939.28,38106,361535,50.09,2018,12,-1.095247408566402,Negative,258.832,265.987,251.677
2018-12-10,390,INFRATEL,EQ,252.85,251.7,251.7,246.25,250.45,250.35,249.97,1896394,474041608.18,17104,1219450,64.3,2018,12,-0.9887284951552332,Slight negative,258.146,266.568,249.725
2018-12-11,391,INFRATEL,EQ,250.35,247.7,257.25,246.0,252.0,253.15,251.38,924469,232393017.22,19593,320220,34.64,2018,12,1.1184341921310237,Positive,257.636,266.357,248.915
2018-12-12,392,INFRATEL,EQ,253.15,253.9,256.3,250.0,251.2,250.7,251.99,1909161,481089480.3900001,52287,1017342,53.29,2018,12,-0.9678056488248156,Slight negative,257.054,266.485,247.623
2018-12-13,393,INFRATEL,EQ,250.7,251.2,252.45,248.35,249.5,249.2,249.48,2790047,696060925.56,36226,2188291,78.43,2018,12,-0.5983246908655815,Slight negative,256.418,266.706,246.13
2018-12-14,394,INFRATEL,EQ,249.2,249.0,252.9,247.25,252.3,252.05,250.07,1818267,454694028.69,62109,1011137,55.61,2018,12,1.1436597110754398,Positive,255.654,265.495,245.812
2018-12-17,395,INFRATEL,EQ,252.05,252.3,255.85,249.25,255.2,254.95,252.4,1419070,358173268.0,30908,731714,51.56,2018,12,1.1505653640150773,Positive,254.996,263.537,246.456
2018-12-18,396,INFRATEL,EQ,254.95,253.05,257.3,252.7,255.05,254.6,254.92,1171801,298715510.92,22335,666996,56.92,2018,12,-0.13728181996469635,Slight or No change,254.636,262.745,246.526
2018-12-19,397,INFRATEL,EQ,254.6,255.0,267.1,254.55,262.4,263.45,261.9,2570544,673225473.5999999,89186,1570629,61.1,2018,12,3.476040848389639,Among top gainers,254.493,261.814,247.172
2018-12-20,398,INFRATEL,EQ,263.45,262.0,263.95,257.95,262.0,262.0,261.92,1137215,297859352.8,23939,597929,52.58,2018,12,-0.5503890681343715,Slight negative,254.868,263.16,246.575
2018-12-21,399,INFRATEL,EQ,262.0,263.8,265.0,247.45,261.3,259.85,257.13,6508796,1673606715.48,74090,2362654,36.3,2018,12,-0.8206106870228935,Slight negative,255.143,263.842,246.443
2018-12-24,400,INFRATEL,EQ,259.85,262.0,271.15,256.0,264.9,262.55,263.18,3202904,842940274.72,42376,698493,21.81,2018,12,1.03906099672888,Positive,255.693,265.245,246.141
2018-12-26,401,INFRATEL,EQ,262.55,259.95,265.0,258.25,262.9,262.6,261.18,1282658,335004616.44,13168,99194,7.73,2018,12,0.019043991620648626,Slight or No change,255.996,266.162,245.831
2018-12-27,402,INFRATEL,EQ,262.6,262.6,269.2,261.5,268.0,266.8,265.85,1209883,321647395.55,16379,473178,39.11,2018,12,1.5993907083015957,Positive,256.793,268.476,245.11
2018-12-28,403,INFRATEL,EQ,266.8,269.05,269.75,262.0,262.65,263.0,265.05,1745967,462768553.35,27917,919614,52.67,2018,12,-1.4242878560719707,Negative,257.518,269.405,245.631
2018-12-31,404,INFRATEL,EQ,263.0,262.65,265.0,257.2,258.9,259.0,260.05,1577464,410219513.2000001,27428,402023,25.49,2018,12,-1.520912547528519,Negative,258.136,269.295,246.977
2019-01-01,405,INFRATEL,EQ,259.0,259.95,263.5,257.8,263.0,262.25,260.14,799064,207868508.96,8246,99682,12.47,2019,1,1.2548262548262468,Positive,258.786,269.752,247.819
2019-01-02,406,INFRATEL,EQ,262.25,261.95,266.0,258.7,265.2,264.25,263.27,1115095,293571060.65,20392,236821,21.24,2019,1,0.7626310772163913,Slight Positive,259.754,270.015,249.492
2019-01-03,407,INFRATEL,EQ,264.25,265.0,273.4,263.6,273.0,271.6,269.53,2888878,778639287.3399999,53787,902349,31.24,2019,1,2.7814569536424028,Positive,261.354,271.511,251.196
2019-01-04,408,INFRATEL,EQ,271.6,273.0,288.5,272.0,287.0,285.05,280.64,6714533,1884366541.12,73306,1459208,21.73,2019,1,4.952135493372611,Among top gainers,263.711,278.724,248.698
2019-01-07,409,INFRATEL,EQ,285.05,287.5,295.15,285.1,292.8,293.75,291.05,5453037,1587106418.85,64974,2485896,45.59,2019,1,3.0520961234871136,Among top gainers,266.482,287.609,245.356
2019-01-08,410,INFRATEL,EQ,293.75,292.7,300.4,290.0,297.15,297.95,295.72,4648636,1374694637.92,90923,1309600,28.17,2019,1,1.4297872340425457,Positive,269.579,295.391,243.766
2019-01-09,411,INFRATEL,EQ,297.95,299.9,299.9,289.25,291.25,290.35,291.82,3188173,930372644.86,63167,1127996,35.38,2019,1,-2.5507635509313564,Negative,271.5,299.277,243.723
2019-01-10,412,INFRATEL,EQ,290.35,290.1,290.4,281.6,285.0,285.05,285.16,3672383,1047216736.28,104774,1710330,46.57,2019,1,-1.8253831582572768,Negative,273.146,301.229,245.064
2019-01-11,413,INFRATEL,EQ,285.05,285.1,286.1,276.15,276.6,277.2,280.29,3840134,1076351158.86,108714,2062180,53.7,2019,1,-2.753902824065957,Negative,274.386,301.453,247.318
2019-01-14,414,INFRATEL,EQ,277.2,276.7,282.8,274.35,280.15,280.1,281.08,6223594,1749327801.52,94478,4154904,66.76,2019,1,1.0461760461760503,Positive,275.639,301.961,249.318
2019-01-15,415,INFRATEL,EQ,280.1,280.15,283.75,277.65,280.0,279.75,279.63,2487680,695629958.4,64634,1370709,55.1,2019,1,-0.1249553730810482,Slight or No change,276.864,302.148,251.581
2019-01-16,416,INFRATEL,EQ,279.75,280.0,284.4,274.5,276.85,275.85,278.36,3605390,1003596360.4,94117,2113105,58.61,2019,1,-1.3941018766755908,Negative,277.511,302.14,252.881
2019-01-17,417,INFRATEL,EQ,275.85,278.5,282.35,276.4,280.75,280.45,280.74,3729858,1047120334.92,84078,1259643,33.77,2019,1,1.6675729563168318,Positive,278.757,301.947,255.567
2019-01-18,418,INFRATEL,EQ,280.45,280.65,283.4,277.0,277.6,278.05,280.63,3096388,868939364.4399999,102633,1989287,64.25,2019,1,-0.8557675164913459,Slight negative,280.118,300.363,259.873
2019-01-21,419,INFRATEL,EQ,278.05,278.05,279.85,270.65,279.6,277.8,275.41,2421296,666849131.36,66968,906807,37.45,2019,1,-0.08991188635137927,Slight or No change,281.229,298.777,263.68
2019-01-22,420,INFRATEL,EQ,277.8,278.75,280.7,274.5,277.95,277.65,278.57,2194405,611295400.85,52812,1010714,46.06,2019,1,-0.05399568034558655,Slight or No change,282.186,296.993,267.379
2019-01-23,421,INFRATEL,EQ,277.65,278.0,281.4,274.8,279.75,277.0,279.54,4888651,1366573500.5400002,67991,3202511,65.51,2019,1,-0.23410768953717745,Slight or No change,282.571,296.443,268.7
2019-01-24,422,INFRATEL,EQ,277.0,282.0,283.15,261.2,262.1,263.0,269.82,11122963,3001197876.66,102247,2634439,23.68,2019,1,-5.054151624548743,Among top losers,280.996,298.25,263.743
2019-01-25,423,INFRATEL,EQ,263.0,264.6,282.45,264.1,280.0,279.75,275.72,11828569,3261373044.6800003,150504,3840930,32.47,2019,1,6.368821292775673,Among top gainers,279.996,295.611,264.382
2019-01-28,424,INFRATEL,EQ,279.75,283.7,293.85,277.05,286.45,287.3,286.06,8309902,2377130566.12,197541,3714894,44.7,2019,1,2.6988382484361084,Positive,279.236,291.828,266.644
2019-01-29,425,INFRATEL,EQ,287.3,284.95,298.9,283.4,298.0,297.35,293.31,6402177,1877822535.87,175209,2791456,43.6,2019,1,3.498085624782465,Among top gainers,279.736,294.583,264.889
2019-01-30,426,INFRATEL,EQ,297.35,296.25,299.6,286.05,289.95,290.3,292.36,6293196,1839878782.56,166123,2345328,37.27,2019,1,-2.370943332772834,Negative,280.111,295.778,264.443
2019-01-31,427,INFRATEL,EQ,290.3,290.0,296.4,285.0,296.0,292.25,290.77,4762254,1384720595.58,110133,3024224,63.5,2019,1,0.6717189114708866,Slight Positive,281.186,298.015,264.356
2019-02-01,428,INFRATEL,EQ,292.25,296.0,298.0,290.85,296.2,296.2,295.39,2258242,667062104.38,71602,963139,42.65,2019,2,1.3515825491873468,Positive,282.336,300.951,263.72
2019-02-04,429,INFRATEL,EQ,296.2,292.25,297.8,287.5,296.6,295.05,294.12,2318471,681908690.52,101018,1243134,53.62,2019,2,-0.38825118163402506,Slight or No change,283.429,303.154,263.704
2019-02-05,430,INFRATEL,EQ,295.05,295.0,295.0,286.45,290.25,288.9,289.88,3538939,1025867637.32,100472,1571740,44.41,2019,2,-2.08439247585156,Negative,284.361,303.774,264.948
2019-02-06,431,INFRATEL,EQ,288.9,290.0,298.0,288.8,297.9,296.35,293.15,2707550,793718282.4999999,69774,1131803,41.8,2019,2,2.5787469712703626,Positive,285.496,305.766,265.227
2019-02-07,432,INFRATEL,EQ,296.35,293.6,308.5,290.65,304.7,305.85,302.49,3137895,949181858.55,42848,665200,21.2,2019,2,3.205668972498743,Among top gainers,287.482,309.938,265.026
2019-02-08,433,INFRATEL,EQ,305.85,302.05,335.0,302.05,328.95,326.05,320.14,11194181,3583705105.34,144217,3044144,27.19,2019,2,6.604544711459859,Among top gainers,290.929,320.626,261.231
2019-02-11,434,INFRATEL,EQ,326.05,326.0,329.0,320.0,325.0,323.5,324.12,3081552,998792634.24,55571,745349,24.19,2019,2,-0.7820886367121638,Slight negative,294.204,327.489,260.918
2019-02-12,435,INFRATEL,EQ,323.5,323.0,324.4,310.65,312.7,312.85,314.26,3518639,1105767492.14,47197,1193749,33.93,2019,2,-3.2921174652241088,Among top losers,296.764,329.864,263.665
2019-02-13,436,INFRATEL,EQ,312.85,314.15,315.0,302.8,305.5,304.3,305.76,2930960,896170329.6,51944,1019282,34.78,2019,2,-2.732939108198817,Negative,299.714,326.636,272.792
2019-02-14,437,INFRATEL,EQ,304.3,304.0,304.0,293.5,297.6,297.2,296.61,2912616,863911031.76,51786,952465,32.7,2019,2,-2.3332237923102244,Negative,300.961,325.402,276.519
2019-02-15,438,INFRATEL,EQ,297.2,299.2,310.45,291.95,304.45,306.9,303.42,4992264,1514752742.88,69102,1197325,23.98,2019,2,3.2637954239569167,Among top gainers,302.361,325.65,279.071
2019-02-18,439,INFRATEL,EQ,306.9,306.7,319.25,304.7,316.5,317.05,316.13,6443621,2037021906.73,65849,1726015,26.79,2019,2,3.3072662104920214,Among top gainers,303.768,328.11,279.426
2019-02-19,440,INFRATEL,EQ,317.05,315.0,324.85,315.0,319.4,318.45,320.97,6184870,1985157723.9,58077,1817301,29.38,2019,2,0.4415707301687277,Slight or No change,305.779,329.978,281.579
2019-02-20,441,INFRATEL,EQ,318.45,319.0,322.9,313.65,319.0,318.2,317.47,2478600,786881142.0000001,32745,469539,18.94,2019,2,-0.07850525985241275,Slight or No change,307.632,331.338,283.926
2019-02-21,442,INFRATEL,EQ,318.2,317.6,318.0,306.3,312.25,312.55,309.64,3996262,1237402565.6799998,57082,581030,14.54,2019,2,-1.7756128221244394,Negative,308.8,331.677,285.923
2019-02-22,443,INFRATEL,EQ,312.55,311.45,321.8,309.0,313.45,313.6,316.28,3970353,1255743246.84,48597,894955,22.54,2019,2,0.33594624860022737,Slight or No change,310.125,331.682,288.568
2019-02-25,444,INFRATEL,EQ,313.6,313.6,313.8,302.45,304.0,303.95,305.67,3480643,1063928145.81,45369,1279195,36.75,2019,2,-3.0771683673469497,Among top losers,311.2,329.444,292.956
2019-02-26,445,INFRATEL,EQ,303.95,304.0,310.5,300.15,306.5,308.0,305.69,5880043,1797470344.67,55116,1964058,33.4,2019,2,1.3324559960519844,Positive,312.032,328.316,295.749
2019-02-27,446,INFRATEL,EQ,308.0,308.95,309.0,294.8,296.5,296.75,300.79,4142722,1246089350.38,67770,1544186,37.27,2019,2,-3.6525974025974017,Among top losers,311.382,329.366,293.398
2019-02-28,447,INFRATEL,EQ,296.75,298.0,298.85,291.5,293.6,293.65,294.49,3914334,1152732219.66,53717,1839514,46.99,2019,2,-1.044650379107004,Negative,309.068,327.259,290.877
2019-03-01,448,INFRATEL,EQ,293.65,297.65,297.65,292.0,292.8,293.25,295.1,2121450,626039895.0,43015,962555,45.37,2019,3,-0.13621658436914208,Slight or No change,306.907,324.899,288.916
2019-03-05,449,INFRATEL,EQ,293.25,295.0,297.0,291.6,295.55,296.15,294.93,2215719,653482004.67,33684,1056722,47.69,2019,3,0.9889173060528388,Slight Positive,305.714,324.216,287.213
2019-03-06,450,INFRATEL,EQ,296.15,296.95,306.5,295.35,302.25,302.55,303.56,4205863,1276731772.28,60052,1506518,35.82,2019,3,2.1610670268445102,Positive,305.589,324.155,287.023
2019-03-07,451,INFRATEL,EQ,302.55,305.9,309.5,304.45,305.55,305.65,306.69,2653768,813884107.92,45691,854872,32.21,2019,3,1.0246240290860964,Positive,306.193,324.123,288.263
2019-03-08,452,INFRATEL,EQ,305.65,304.8,310.0,304.05,305.8,305.5,306.61,2175387,666995408.07,32065,857975,39.44,2019,3,-0.04907574022574579,Slight or No change,306.093,324.021,288.165
2019-03-11,453,INFRATEL,EQ,305.5,306.6,322.0,305.95,319.05,319.7,316.15,4166219,1317150136.85,41288,1586379,38.08,2019,3,4.648117839607192,Among top gainers,306.282,324.756,287.808
2019-03-12,454,INFRATEL,EQ,319.7,319.5,322.7,309.0,316.0,316.35,316.37,5298735,1676360791.95,53123,1469631,27.74,2019,3,-1.04785736628088,Negative,306.132,324.211,288.054
2019-03-13,455,INFRATEL,EQ,316.35,320.4,321.0,311.05,312.95,313.15,314.78,2238504,704636289.1199999,26431,399062,17.83,2019,3,-1.0115378536431296,Negative,305.771,322.994,288.549
2019-03-14,456,INFRATEL,EQ,313.15,314.0,318.0,312.0,314.15,314.35,315.14,1873621,590452921.9399999,33651,784606,41.88,2019,3,0.3832029378892043,Slight or No change,305.9,323.366,288.434
2019-03-15,457,INFRATEL,EQ,314.35,316.0,320.0,311.25,312.55,313.2,313.53,2880482,903117521.46,42536,1590956,55.23,2019,3,-0.3658342611738585,Slight or No change,305.871,323.284,288.459
2019-03-18,458,INFRATEL,EQ,313.2,317.0,321.6,310.85,317.0,318.1,316.53,2868948,908108110.44,46441,804696,28.05,2019,3,1.5644955300127883,Positive,306.882,325.421,288.344
2019-03-19,459,INFRATEL,EQ,318.1,320.0,331.8,314.15,327.0,327.6,327.75,10223121,3350627907.75,88368,4440466,43.44,2019,3,2.9864822382898564,Positive,308.282,329.891,286.674
2019-03-20,460,INFRATEL,EQ,327.6,328.3,333.45,322.25,325.1,325.05,327.76,3756179,1231125229.04,53213,885378,23.57,2019,3,-0.7783882783882867,Slight negative,310.304,332.55,288.057
2019-03-22,461,INFRATEL,EQ,325.05,325.1,329.25,313.9,315.3,316.1,319.16,3378667,1078335359.72,46967,1237533,36.63,2019,3,-2.753422550376861,Negative,311.907,332.127,291.687
2019-03-25,462,INFRATEL,EQ,316.1,314.55,314.55,304.75,304.95,306.6,308.88,2436411,752558629.68,27479,1038545,42.63,2019,3,-3.0053780449224914,Among top losers,312.861,330.367,295.354
2019-03-26,463,INFRATEL,EQ,306.6,305.2,314.0,305.2,313.7,312.85,310.83,2393663,744022270.29,45794,1047317,43.75,2019,3,2.0384866275277247,Positive,314.054,328.697,299.41
2019-03-27,464,INFRATEL,EQ,312.85,316.9,318.5,311.1,317.0,316.2,315.81,2831679,894272544.99,40560,1293283,45.67,2019,3,1.0708007032123934,Positive,315.029,328.107,301.951
2019-03-28,465,INFRATEL,EQ,316.2,317.45,319.65,313.45,316.0,317.1,317.08,1752675,555738189.0,35195,836330,47.72,2019,3,0.2846299810246755,Slight or No change,315.846,327.78,303.913
2019-03-29,466,INFRATEL,EQ,317.1,317.5,319.15,310.85,312.6,313.4,313.64,1743099,546705570.36,33996,545051,31.27,2019,3,-1.1668243456323113,Negative,316.411,326.896,305.925
2019-04-01,467,INFRATEL,EQ,313.4,314.95,317.6,311.5,313.85,314.25,313.85,1556091,488379160.35,46984,562431,36.14,2019,4,0.2712188895979573,Slight or No change,316.021,326.385,305.658
2019-04-02,468,INFRATEL,EQ,314.25,314.45,318.1,312.15,314.05,315.0,314.97,1660087,522877602.3900001,28684,618101,37.23,2019,4,0.23866348448686736,Slight or No change,315.925,326.3,305.55
2019-04-03,469,INFRATEL,EQ,315.0,314.5,320.0,314.15,317.0,317.25,317.1,1971729,625235265.9000001,22026,850460,43.13,2019,4,0.7142857142857117,Slight Positive,316.218,326.487,305.949
2019-04-04,470,INFRATEL,EQ,317.25,318.5,319.75,314.7,316.2,316.65,316.76,1339901,424427040.76,20584,616134,45.98,2019,4,-0.1891252955082856,Slight or No change,316.382,326.596,306.169
2019-04-05,471,INFRATEL,EQ,316.65,316.65,320.0,314.4,316.6,316.8,317.07,1034427,327985768.89,12743,368035,35.58,2019,4,0.0473709142586598,Slight or No change,316.639,326.687,306.591
2019-04-08,472,INFRATEL,EQ,316.8,317.95,318.7,313.7,317.2,316.1,316.36,1035460,327578125.6,21364,414562,40.04,2019,4,-0.22095959595959114,Slight or No change,316.496,326.512,306.481
2019-04-09,473,INFRATEL,EQ,316.1,316.1,318.5,312.5,315.05,315.2,314.88,777799,244913349.12,23816,271676,34.93,2019,4,-0.2847200253084603,Slight or No change,315.611,323.325,307.896
2019-04-10,474,INFRATEL,EQ,315.2,315.1,318.2,313.65,315.75,315.3,316.1,1404102,443836642.2000001,31822,775639,55.24,2019,4,0.03172588832487388,Slight or No change,314.914,320.395,309.433
2019-04-11,475,INFRATEL,EQ,315.3,315.35,317.0,311.05,314.0,313.35,314.5,1316742,414115359.0,29631,625947,47.54,2019,4,-0.618458610846806,Slight negative,314.718,320.213,309.223
2019-04-12,476,INFRATEL,EQ,313.35,314.0,317.35,313.0,314.45,314.65,315.27,777930,245257991.1,29889,327314,42.07,2019,4,0.4148715493856647,Slight or No change,315.293,318.207,312.378
2019-04-15,477,INFRATEL,EQ,314.65,314.5,316.5,307.3,309.4,308.45,311.37,1493320,464975048.4,26567,498381,33.37,2019,4,-1.970443349753692,Negative,314.979,319.522,310.435
2019-04-16,478,INFRATEL,EQ,308.45,310.95,316.9,309.4,312.75,312.95,314.24,2057364,646506063.36,44808,660367,32.1,2019,4,1.4589074404279367,Positive,314.746,319.352,310.141
2019-04-18,479,INFRATEL,EQ,312.95,312.95,314.45,303.25,306.0,307.2,306.63,2227796,683109087.48,27258,578932,25.99,2019,4,-1.837354209937692,Negative,314.039,319.945,308.133
2019-04-22,480,INFRATEL,EQ,307.2,306.8,310.85,295.55,299.0,299.6,302.03,1606392,485178575.75999993,22777,337306,21.0,2019,4,-2.4739583333333264,Negative,313.054,322.786,303.321
2019-04-23,481,INFRATEL,EQ,299.6,301.0,303.65,292.55,298.0,294.0,296.97,1532866,455215216.02,28285,341382,22.27,2019,4,-1.869158878504684,Negative,311.607,325.642,297.573
2019-04-24,482,INFRATEL,EQ,294.0,297.0,303.5,291.0,301.0,301.5,298.06,2572361,766717919.66,37887,781457,30.38,2019,4,2.5510204081632626,Positive,310.643,325.504,295.782
2019-04-25,483,INFRATEL,EQ,301.5,287.35,298.0,265.65,272.5,270.7,278.71,24061163,6706086739.73,180731,6077265,25.26,2019,4,-10.215588723051416,Bear drop,307.318,332.827,281.809
2019-04-26,484,INFRATEL,EQ,270.7,273.0,278.0,271.35,273.0,272.9,274.58,8713787,2392631634.46,95898,3410481,39.14,2019,4,0.8127077946065819,Slight Positive,304.193,334.955,273.43
2019-04-30,485,INFRATEL,EQ,272.9,273.7,278.9,256.5,262.55,262.55,262.97,9291803,2443465434.9100003,76896,5170144,55.64,2019,4,-3.792598021253191,Among top losers,300.318,337.282,263.354
2019-05-02,486,INFRATEL,EQ,262.55,262.55,272.4,262.55,272.0,270.85,270.08,5510874,1488376849.9199998,79237,2464269,44.72,2019,5,3.1613026090268503,Among top gainers,297.086,335.968,258.203
2019-05-03,487,INFRATEL,EQ,270.85,272.55,278.55,272.1,273.75,274.0,275.93,4234052,1168301968.36,61606,1434583,33.88,2019,5,1.1630053535166995,Positive,294.143,333.355,254.931
2019-05-06,488,INFRATEL,EQ,274.0,273.0,273.5,268.3,272.25,271.85,270.47,2351319,635961249.9300001,39964,1048140,44.58,2019,5,-0.7846715328467035,Slight negative,291.039,329.914,252.164
2019-05-07,489,INFRATEL,EQ,271.85,266.9,270.8,265.75,268.0,268.0,267.98,2972102,796463893.96,52992,1391563,46.82,2019,5,-1.4162221813500133,Negative,287.8,326.222,249.378
2019-05-08,490,INFRATEL,EQ,268.0,268.0,270.3,263.65,267.55,266.7,267.35,2225529,594995178.1500001,51482,1075978,48.35,2019,5,-0.4850746268656781,Slight or No change,284.375,320.993,247.757
2019-05-09,491,INFRATEL,EQ,266.7,266.95,269.7,261.5,268.0,267.1,263.92,3520232,929059629.44,56601,2051103,58.27,2019,5,0.14998125234346735,Slight or No change,281.421,316.304,246.539
2019-05-10,492,INFRATEL,EQ,267.1,266.3,267.0,260.75,261.75,262.25,262.76,2270319,596549020.4399999,48630,983657,43.33,2019,5,-1.8157993260951024,Negative,277.8,308.905,246.695
2019-05-13,493,INFRATEL,EQ,262.25,261.45,269.15,259.6,265.5,265.45,266.46,3369566,897854556.3599998,49631,1103984,32.76,2019,5,1.2202097235462397,Positive,274.818,301.467,248.169
